engine,rel,note,out_fmt,quality,long_edge,repeat,ok,inner_s,outer_s,peak_rss_kb,rss_over_import_kb,out_bytes,out_w,out_h,src_fmt,src_mode,src_w,src_h,src_mp,src_bytes,src_icc,src_exif_orient,err
pillow,public/files/00d54ac2006fcef07a9eebf4914b2878.jpg,"JPEG RGB 72,7 MP — korpusun en büyük megapikseli",jpeg,85,2400,0,1,0.68524,0.69289,602048,576692,1594408,2400,1640,JPEG,RGB,10315,7049,72.71,10174706,0,0,
pillow,public/files/00d54ac2006fcef07a9eebf4914b2878.jpg,"JPEG RGB 72,7 MP — korpusun en büyük megapikseli",jpeg,85,2400,1,1,0.6237,0.63139,602048,576692,1594408,2400,1640,JPEG,RGB,10315,7049,72.71,10174706,0,0,
pillow,public/files/00d54ac2006fcef07a9eebf4914b2878.jpg,"JPEG RGB 72,7 MP — korpusun en büyük megapikseli",jpeg,85,2400,2,1,0.61869,0.62627,602048,576692,1594408,2400,1640,JPEG,RGB,10315,7049,72.71,10174706,0,0,
pillow_draft,public/files/00d54ac2006fcef07a9eebf4914b2878.jpg,"JPEG RGB 72,7 MP — korpusun en büyük megapikseli",jpeg,85,2400,0,1,0.4775,0.4842,175936,150572,1607332,2400,1640,JPEG,RGB,10315,7049,72.71,10174706,0,0,
pillow_draft,public/files/00d54ac2006fcef07a9eebf4914b2878.jpg,"JPEG RGB 72,7 MP — korpusun en büyük megapikseli",jpeg,85,2400,1,1,0.47413,0.48051,175936,150572,1607332,2400,1640,JPEG,RGB,10315,7049,72.71,10174706,0,0,
pillow_draft,public/files/00d54ac2006fcef07a9eebf4914b2878.jpg,"JPEG RGB 72,7 MP — korpusun en büyük megapikseli",jpeg,85,2400,2,1,0.4732,0.47934,175936,150572,1607332,2400,1640,JPEG,RGB,10315,7049,72.71,10174706,0,0,
pyvips,public/files/00d54ac2006fcef07a9eebf4914b2878.jpg,"JPEG RGB 72,7 MP — korpusun en büyük megapikseli",jpeg,85,2400,0,1,0.40497,0.40785,99340,73976,1620088,2400,1640,JPEG,RGB,10315,7049,72.71,10174706,0,0,
pyvips,public/files/00d54ac2006fcef07a9eebf4914b2878.jpg,"JPEG RGB 72,7 MP — korpusun en büyük megapikseli",jpeg,85,2400,1,1,0.41702,0.41994,110096,84732,1620088,2400,1640,JPEG,RGB,10315,7049,72.71,10174706,0,0,
pyvips,public/files/00d54ac2006fcef07a9eebf4914b2878.jpg,"JPEG RGB 72,7 MP — korpusun en büyük megapikseli",jpeg,85,2400,2,1,0.40136,0.40427,99868,74504,1620088,2400,1640,JPEG,RGB,10315,7049,72.71,10174706,0,0,
pyvips_c1,public/files/00d54ac2006fcef07a9eebf4914b2878.jpg,"JPEG RGB 72,7 MP — korpusun en büyük megapikseli",jpeg,85,2400,0,1,0.40926,0.4123,106736,81372,1620088,2400,1640,JPEG,RGB,10315,7049,72.71,10174706,0,0,
pyvips_c1,public/files/00d54ac2006fcef07a9eebf4914b2878.jpg,"JPEG RGB 72,7 MP — korpusun en büyük megapikseli",jpeg,85,2400,1,1,0.40973,0.41287,110648,85284,1620088,2400,1640,JPEG,RGB,10315,7049,72.71,10174706,0,0,
pyvips_c1,public/files/00d54ac2006fcef07a9eebf4914b2878.jpg,"JPEG RGB 72,7 MP — korpusun en büyük megapikseli",jpeg,85,2400,2,1,0.41975,0.42275,109692,84328,1620088,2400,1640,JPEG,RGB,10315,7049,72.71,10174706,0,0,
pyvips_tuned,public/files/00d54ac2006fcef07a9eebf4914b2878.jpg,"JPEG RGB 72,7 MP — korpusun en büyük megapikseli",jpeg,85,2400,0,1,0.2866,0.28925,79640,54276,1570651,2400,1640,JPEG,RGB,10315,7049,72.71,10174706,0,0,
pyvips_tuned,public/files/00d54ac2006fcef07a9eebf4914b2878.jpg,"JPEG RGB 72,7 MP — korpusun en büyük megapikseli",jpeg,85,2400,1,1,0.28446,0.28708,76932,51568,1570651,2400,1640,JPEG,RGB,10315,7049,72.71,10174706,0,0,
pyvips_tuned,public/files/00d54ac2006fcef07a9eebf4914b2878.jpg,"JPEG RGB 72,7 MP — korpusun en büyük megapikseli",jpeg,85,2400,2,1,0.29044,0.29303,77308,51944,1570651,2400,1640,JPEG,RGB,10315,7049,72.71,10174706,0,0,
ffmpeg,public/files/00d54ac2006fcef07a9eebf4914b2878.jpg,"JPEG RGB 72,7 MP — korpusun en büyük megapikseli",jpeg,85,2400,0,1,0.69419,0.69581,228316,202952,1863344,2400,1640,JPEG,RGB,10315,7049,72.71,10174706,0,0,
ffmpeg,public/files/00d54ac2006fcef07a9eebf4914b2878.jpg,"JPEG RGB 72,7 MP — korpusun en büyük megapikseli",jpeg,85,2400,1,1,0.66874,0.67027,228552,203188,1863344,2400,1640,JPEG,RGB,10315,7049,72.71,10174706,0,0,
ffmpeg,public/files/00d54ac2006fcef07a9eebf4914b2878.jpg,"JPEG RGB 72,7 MP — korpusun en büyük megapikseli",jpeg,85,2400,2,1,0.66408,0.66564,228604,203240,1863344,2400,1640,JPEG,RGB,10315,7049,72.71,10174706,0,0,
pillow,public/files/00d54ac2006fcef07a9eebf4914b2878.jpg,"JPEG RGB 72,7 MP — korpusun en büyük megapikseli",webp,80,2400,0,1,1.05245,1.05937,602056,576700,1489348,2400,1640,JPEG,RGB,10315,7049,72.71,10174706,0,0,
pillow,public/files/00d54ac2006fcef07a9eebf4914b2878.jpg,"JPEG RGB 72,7 MP — korpusun en büyük megapikseli",webp,80,2400,1,1,1.06874,1.07599,602056,576700,1489348,2400,1640,JPEG,RGB,10315,7049,72.71,10174706,0,0,
pillow,public/files/00d54ac2006fcef07a9eebf4914b2878.jpg,"JPEG RGB 72,7 MP — korpusun en büyük megapikseli",webp,80,2400,2,1,1.03539,1.04262,602056,576700,1489348,2400,1640,JPEG,RGB,10315,7049,72.71,10174706,0,0,
pillow_draft,public/files/00d54ac2006fcef07a9eebf4914b2878.jpg,"JPEG RGB 72,7 MP — korpusun en büyük megapikseli",webp,80,2400,0,1,0.9002,0.90731,175944,150580,1493058,2400,1640,JPEG,RGB,10315,7049,72.71,10174706,0,0,
pillow_draft,public/files/00d54ac2006fcef07a9eebf4914b2878.jpg,"JPEG RGB 72,7 MP — korpusun en büyük megapikseli",webp,80,2400,1,1,0.90803,0.91479,175944,150580,1493058,2400,1640,JPEG,RGB,10315,7049,72.71,10174706,0,0,
pillow_draft,public/files/00d54ac2006fcef07a9eebf4914b2878.jpg,"JPEG RGB 72,7 MP — korpusun en büyük megapikseli",webp,80,2400,2,1,0.89861,0.90541,175944,150580,1493058,2400,1640,JPEG,RGB,10315,7049,72.71,10174706,0,0,
pyvips,public/files/00d54ac2006fcef07a9eebf4914b2878.jpg,"JPEG RGB 72,7 MP — korpusun en büyük megapikseli",webp,80,2400,0,1,0.83454,0.83805,143024,117660,1509384,2400,1640,JPEG,RGB,10315,7049,72.71,10174706,0,0,
pyvips,public/files/00d54ac2006fcef07a9eebf4914b2878.jpg,"JPEG RGB 72,7 MP — korpusun en büyük megapikseli",webp,80,2400,1,1,0.83728,0.84074,148932,123568,1509384,2400,1640,JPEG,RGB,10315,7049,72.71,10174706,0,0,
pyvips,public/files/00d54ac2006fcef07a9eebf4914b2878.jpg,"JPEG RGB 72,7 MP — korpusun en büyük megapikseli",webp,80,2400,2,1,0.82508,0.82847,148676,123312,1509384,2400,1640,JPEG,RGB,10315,7049,72.71,10174706,0,0,
pyvips_c1,public/files/00d54ac2006fcef07a9eebf4914b2878.jpg,"JPEG RGB 72,7 MP — korpusun en büyük megapikseli",webp,80,2400,0,1,0.83017,0.8338,145360,119996,1509384,2400,1640,JPEG,RGB,10315,7049,72.71,10174706,0,0,
pyvips_c1,public/files/00d54ac2006fcef07a9eebf4914b2878.jpg,"JPEG RGB 72,7 MP — korpusun en büyük megapikseli",webp,80,2400,1,1,0.83445,0.838,133484,108120,1509384,2400,1640,JPEG,RGB,10315,7049,72.71,10174706,0,0,
pyvips_c1,public/files/00d54ac2006fcef07a9eebf4914b2878.jpg,"JPEG RGB 72,7 MP — korpusun en büyük megapikseli",webp,80,2400,2,1,0.84053,0.84419,145888,120524,1509384,2400,1640,JPEG,RGB,10315,7049,72.71,10174706,0,0,
pyvips_tuned,public/files/00d54ac2006fcef07a9eebf4914b2878.jpg,"JPEG RGB 72,7 MP — korpusun en büyük megapikseli",webp,80,2400,0,1,0.70535,0.70879,122836,97472,1466506,2400,1640,JPEG,RGB,10315,7049,72.71,10174706,0,0,
pyvips_tuned,public/files/00d54ac2006fcef07a9eebf4914b2878.jpg,"JPEG RGB 72,7 MP — korpusun en büyük megapikseli",webp,80,2400,1,1,0.7105,0.71362,119828,94464,1466506,2400,1640,JPEG,RGB,10315,7049,72.71,10174706,0,0,
pyvips_tuned,public/files/00d54ac2006fcef07a9eebf4914b2878.jpg,"JPEG RGB 72,7 MP — korpusun en büyük megapikseli",webp,80,2400,2,1,0.7014,0.70486,118892,93528,1466506,2400,1640,JPEG,RGB,10315,7049,72.71,10174706,0,0,
ffmpeg,public/files/00d54ac2006fcef07a9eebf4914b2878.jpg,"JPEG RGB 72,7 MP — korpusun en büyük megapikseli",webp,80,2400,0,1,1.09316,1.09494,220028,194664,1525980,2400,1640,JPEG,RGB,10315,7049,72.71,10174706,0,0,
ffmpeg,public/files/00d54ac2006fcef07a9eebf4914b2878.jpg,"JPEG RGB 72,7 MP — korpusun en büyük megapikseli",webp,80,2400,1,1,1.08941,1.09107,220332,194968,1525980,2400,1640,JPEG,RGB,10315,7049,72.71,10174706,0,0,
ffmpeg,public/files/00d54ac2006fcef07a9eebf4914b2878.jpg,"JPEG RGB 72,7 MP — korpusun en büyük megapikseli",webp,80,2400,2,1,1.10762,1.1094,219884,194520,1525980,2400,1640,JPEG,RGB,10315,7049,72.71,10174706,0,0,
pillow,public/files/305 SİYAH.jpg,"JPEG CMYK 36,2 MP — CMYK + yüksek MP",jpeg,85,2400,0,1,0.55288,0.56069,316184,290828,152094,2400,1602,JPEG,CMYK,7361,4912,36.157,2678021,0,0,
pillow,public/files/305 SİYAH.jpg,"JPEG CMYK 36,2 MP — CMYK + yüksek MP",jpeg,85,2400,1,1,0.55256,0.56052,316184,290828,152094,2400,1602,JPEG,CMYK,7361,4912,36.157,2678021,0,0,
pillow,public/files/305 SİYAH.jpg,"JPEG CMYK 36,2 MP — CMYK + yüksek MP",jpeg,85,2400,2,1,0.56206,0.57009,316184,290828,152094,2400,1602,JPEG,CMYK,7361,4912,36.157,2678021,0,0,
pillow_draft,public/files/305 SİYAH.jpg,"JPEG CMYK 36,2 MP — CMYK + yüksek MP",jpeg,85,2400,0,1,0.21688,0.22346,107748,82384,150720,2400,1601,JPEG,CMYK,7361,4912,36.157,2678021,0,0,
pillow_draft,public/files/305 SİYAH.jpg,"JPEG CMYK 36,2 MP — CMYK + yüksek MP",jpeg,85,2400,1,1,0.2152,0.22235,107748,82384,150720,2400,1601,JPEG,CMYK,7361,4912,36.157,2678021,0,0,
pillow_draft,public/files/305 SİYAH.jpg,"JPEG CMYK 36,2 MP — CMYK + yüksek MP",jpeg,85,2400,2,1,0.21949,0.22598,107748,82384,150720,2400,1601,JPEG,CMYK,7361,4912,36.157,2678021,0,0,
pyvips,public/files/305 SİYAH.jpg,"JPEG CMYK 36,2 MP — CMYK + yüksek MP",jpeg,85,2400,0,1,2.82895,2.83266,183220,157856,129797,2400,1602,JPEG,CMYK,7361,4912,36.157,2678021,0,0,
pyvips,public/files/305 SİYAH.jpg,"JPEG CMYK 36,2 MP — CMYK + yüksek MP",jpeg,85,2400,1,1,2.8363,2.83998,171864,146500,129797,2400,1602,JPEG,CMYK,7361,4912,36.157,2678021,0,0,
pyvips,public/files/305 SİYAH.jpg,"JPEG CMYK 36,2 MP — CMYK + yüksek MP",jpeg,85,2400,2,1,2.84726,2.85129,185172,159808,129797,2400,1602,JPEG,CMYK,7361,4912,36.157,2678021,0,0,
pyvips_c1,public/files/305 SİYAH.jpg,"JPEG CMYK 36,2 MP — CMYK + yüksek MP",jpeg,85,2400,0,1,2.81213,2.81641,217368,192004,129797,2400,1602,JPEG,CMYK,7361,4912,36.157,2678021,0,0,
pyvips_c1,public/files/305 SİYAH.jpg,"JPEG CMYK 36,2 MP — CMYK + yüksek MP",jpeg,85,2400,1,1,2.82527,2.82889,171948,146584,129797,2400,1602,JPEG,CMYK,7361,4912,36.157,2678021,0,0,
pyvips_c1,public/files/305 SİYAH.jpg,"JPEG CMYK 36,2 MP — CMYK + yüksek MP",jpeg,85,2400,2,1,2.84839,2.8524,184460,159096,129797,2400,1602,JPEG,CMYK,7361,4912,36.157,2678021,0,0,
pyvips_tuned,public/files/305 SİYAH.jpg,"JPEG CMYK 36,2 MP — CMYK + yüksek MP",jpeg,85,2400,0,1,0.58917,0.59235,130692,105328,129127,2400,1602,JPEG,CMYK,7361,4912,36.157,2678021,0,0,
pyvips_tuned,public/files/305 SİYAH.jpg,"JPEG CMYK 36,2 MP — CMYK + yüksek MP",jpeg,85,2400,1,1,0.58556,0.58877,127544,102180,129127,2400,1602,JPEG,CMYK,7361,4912,36.157,2678021,0,0,
pyvips_tuned,public/files/305 SİYAH.jpg,"JPEG CMYK 36,2 MP — CMYK + yüksek MP",jpeg,85,2400,2,1,0.58397,0.58721,115048,89684,129127,2400,1602,JPEG,CMYK,7361,4912,36.157,2678021,0,0,
ffmpeg,public/files/305 SİYAH.jpg,"JPEG CMYK 36,2 MP — CMYK + yüksek MP",jpeg,85,2400,0,1,0.33403,0.33554,257516,232152,160448,2400,1602,JPEG,CMYK,7361,4912,36.157,2678021,0,0,
ffmpeg,public/files/305 SİYAH.jpg,"JPEG CMYK 36,2 MP — CMYK + yüksek MP",jpeg,85,2400,1,1,0.37978,0.38156,257408,232044,160448,2400,1602,JPEG,CMYK,7361,4912,36.157,2678021,0,0,
ffmpeg,public/files/305 SİYAH.jpg,"JPEG CMYK 36,2 MP — CMYK + yüksek MP",jpeg,85,2400,2,1,0.3409,0.34319,257596,232232,160448,2400,1602,JPEG,CMYK,7361,4912,36.157,2678021,0,0,
pillow,public/files/305 SİYAH.jpg,"JPEG CMYK 36,2 MP — CMYK + yüksek MP",webp,80,2400,0,1,0.70024,0.70836,316184,290828,62484,2400,1602,JPEG,CMYK,7361,4912,36.157,2678021,0,0,
pillow,public/files/305 SİYAH.jpg,"JPEG CMYK 36,2 MP — CMYK + yüksek MP",webp,80,2400,1,1,0.68941,0.69776,316184,290828,62484,2400,1602,JPEG,CMYK,7361,4912,36.157,2678021,0,0,
pillow,public/files/305 SİYAH.jpg,"JPEG CMYK 36,2 MP — CMYK + yüksek MP",webp,80,2400,2,1,0.69334,0.70174,316184,290828,62484,2400,1602,JPEG,CMYK,7361,4912,36.157,2678021,0,0,
pillow_draft,public/files/305 SİYAH.jpg,"JPEG CMYK 36,2 MP — CMYK + yüksek MP",webp,80,2400,0,1,0.37063,0.3774,107888,82524,61376,2400,1601,JPEG,CMYK,7361,4912,36.157,2678021,0,0,
pillow_draft,public/files/305 SİYAH.jpg,"JPEG CMYK 36,2 MP — CMYK + yüksek MP",webp,80,2400,1,1,0.37102,0.37779,107888,82524,61376,2400,1601,JPEG,CMYK,7361,4912,36.157,2678021,0,0,
pillow_draft,public/files/305 SİYAH.jpg,"JPEG CMYK 36,2 MP — CMYK + yüksek MP",webp,80,2400,2,1,0.37041,0.3772,107888,82524,61376,2400,1601,JPEG,CMYK,7361,4912,36.157,2678021,0,0,
pyvips,public/files/305 SİYAH.jpg,"JPEG CMYK 36,2 MP — CMYK + yüksek MP",webp,80,2400,0,1,3.01075,3.01469,192380,167016,57628,2400,1602,JPEG,CMYK,7361,4912,36.157,2678021,0,0,
pyvips,public/files/305 SİYAH.jpg,"JPEG CMYK 36,2 MP — CMYK + yüksek MP",webp,80,2400,1,1,2.98019,2.98486,192352,166988,57628,2400,1602,JPEG,CMYK,7361,4912,36.157,2678021,0,0,
pyvips,public/files/305 SİYAH.jpg,"JPEG CMYK 36,2 MP — CMYK + yüksek MP",webp,80,2400,2,1,2.99345,2.99807,214828,189464,57628,2400,1602,JPEG,CMYK,7361,4912,36.157,2678021,0,0,
pyvips_c1,public/files/305 SİYAH.jpg,"JPEG CMYK 36,2 MP — CMYK + yüksek MP",webp,80,2400,0,1,2.9737,2.97873,190968,165604,57628,2400,1602,JPEG,CMYK,7361,4912,36.157,2678021,0,0,
pyvips_c1,public/files/305 SİYAH.jpg,"JPEG CMYK 36,2 MP — CMYK + yüksek MP",webp,80,2400,1,1,2.96965,2.9746,211780,186416,57628,2400,1602,JPEG,CMYK,7361,4912,36.157,2678021,0,0,
pyvips_c1,public/files/305 SİYAH.jpg,"JPEG CMYK 36,2 MP — CMYK + yüksek MP",webp,80,2400,2,1,2.99183,2.99598,211048,185684,57628,2400,1602,JPEG,CMYK,7361,4912,36.157,2678021,0,0,
pyvips_tuned,public/files/305 SİYAH.jpg,"JPEG CMYK 36,2 MP — CMYK + yüksek MP",webp,80,2400,0,1,0.79181,0.79501,134520,109156,50064,2400,1602,JPEG,CMYK,7361,4912,36.157,2678021,0,0,
pyvips_tuned,public/files/305 SİYAH.jpg,"JPEG CMYK 36,2 MP — CMYK + yüksek MP",webp,80,2400,1,1,0.73621,0.7393,126392,101028,50064,2400,1602,JPEG,CMYK,7361,4912,36.157,2678021,0,0,
pyvips_tuned,public/files/305 SİYAH.jpg,"JPEG CMYK 36,2 MP — CMYK + yüksek MP",webp,80,2400,2,1,0.73055,0.7338,125380,100016,50064,2400,1602,JPEG,CMYK,7361,4912,36.157,2678021,0,0,
ffmpeg,public/files/305 SİYAH.jpg,"JPEG CMYK 36,2 MP — CMYK + yüksek MP",webp,80,2400,0,1,0.5115,0.51312,244064,218700,62100,2400,1602,JPEG,CMYK,7361,4912,36.157,2678021,0,0,
ffmpeg,public/files/305 SİYAH.jpg,"JPEG CMYK 36,2 MP — CMYK + yüksek MP",webp,80,2400,1,1,0.54678,0.54831,244040,218676,62100,2400,1602,JPEG,CMYK,7361,4912,36.157,2678021,0,0,
ffmpeg,public/files/305 SİYAH.jpg,"JPEG CMYK 36,2 MP — CMYK + yüksek MP",webp,80,2400,2,1,0.50259,0.50409,244036,218672,62100,2400,1602,JPEG,CMYK,7361,4912,36.157,2678021,0,0,
pillow,public/files/Toplu resim-Kapaklı-Desenli-3.png,"PNG RGBA 36,3 MP + ICC — alfa, ICC, yüksek MP",jpeg,85,2400,0,1,1.95432,1.96249,376248,350892,133146,2400,1477,PNG,RGBA,7677,4724,36.266,11414055,1,1,
pillow,public/files/Toplu resim-Kapaklı-Desenli-3.png,"PNG RGBA 36,3 MP + ICC — alfa, ICC, yüksek MP",jpeg,85,2400,1,1,1.98263,1.9904,376248,350892,133146,2400,1477,PNG,RGBA,7677,4724,36.266,11414055,1,1,
pillow,public/files/Toplu resim-Kapaklı-Desenli-3.png,"PNG RGBA 36,3 MP + ICC — alfa, ICC, yüksek MP",jpeg,85,2400,2,1,1.97495,1.98257,376248,350892,133146,2400,1477,PNG,RGBA,7677,4724,36.266,11414055,1,1,
pillow_draft,public/files/Toplu resim-Kapaklı-Desenli-3.png,"PNG RGBA 36,3 MP + ICC — alfa, ICC, yüksek MP",jpeg,85,2400,0,1,1.9559,1.96447,376248,350884,133146,2400,1477,PNG,RGBA,7677,4724,36.266,11414055,1,1,
pillow_draft,public/files/Toplu resim-Kapaklı-Desenli-3.png,"PNG RGBA 36,3 MP + ICC — alfa, ICC, yüksek MP",jpeg,85,2400,1,1,1.94758,1.9561,376248,350884,133146,2400,1477,PNG,RGBA,7677,4724,36.266,11414055,1,1,
pillow_draft,public/files/Toplu resim-Kapaklı-Desenli-3.png,"PNG RGBA 36,3 MP + ICC — alfa, ICC, yüksek MP",jpeg,85,2400,2,1,1.95134,1.96004,376248,350884,133146,2400,1477,PNG,RGBA,7677,4724,36.266,11414055,1,1,
pyvips,public/files/Toplu resim-Kapaklı-Desenli-3.png,"PNG RGBA 36,3 MP + ICC — alfa, ICC, yüksek MP",jpeg,85,2400,0,1,1.06341,1.06827,332508,307144,108299,2400,1477,PNG,RGBA,7677,4724,36.266,11414055,1,1,
pyvips,public/files/Toplu resim-Kapaklı-Desenli-3.png,"PNG RGBA 36,3 MP + ICC — alfa, ICC, yüksek MP",jpeg,85,2400,1,1,1.06325,1.06843,326988,301624,108299,2400,1477,PNG,RGBA,7677,4724,36.266,11414055,1,1,
pyvips,public/files/Toplu resim-Kapaklı-Desenli-3.png,"PNG RGBA 36,3 MP + ICC — alfa, ICC, yüksek MP",jpeg,85,2400,2,1,1.03649,1.04113,330248,304884,108299,2400,1477,PNG,RGBA,7677,4724,36.266,11414055,1,1,
pyvips_c1,public/files/Toplu resim-Kapaklı-Desenli-3.png,"PNG RGBA 36,3 MP + ICC — alfa, ICC, yüksek MP",jpeg,85,2400,0,1,1.02,1.02507,353248,327884,108299,2400,1477,PNG,RGBA,7677,4724,36.266,11414055,1,1,
pyvips_c1,public/files/Toplu resim-Kapaklı-Desenli-3.png,"PNG RGBA 36,3 MP + ICC — alfa, ICC, yüksek MP",jpeg,85,2400,1,1,1.01501,1.02018,306648,281284,108299,2400,1477,PNG,RGBA,7677,4724,36.266,11414055,1,1,
pyvips_c1,public/files/Toplu resim-Kapaklı-Desenli-3.png,"PNG RGBA 36,3 MP + ICC — alfa, ICC, yüksek MP",jpeg,85,2400,2,1,1.02802,1.03248,312452,287088,108299,2400,1477,PNG,RGBA,7677,4724,36.266,11414055,1,1,
pyvips_tuned,public/files/Toplu resim-Kapaklı-Desenli-3.png,"PNG RGBA 36,3 MP + ICC — alfa, ICC, yüksek MP",jpeg,85,2400,0,1,1.02194,1.02696,327932,302568,108227,2400,1477,PNG,RGBA,7677,4724,36.266,11414055,1,1,
pyvips_tuned,public/files/Toplu resim-Kapaklı-Desenli-3.png,"PNG RGBA 36,3 MP + ICC — alfa, ICC, yüksek MP",jpeg,85,2400,1,1,1.03605,1.04117,328048,302684,108227,2400,1477,PNG,RGBA,7677,4724,36.266,11414055,1,1,
pyvips_tuned,public/files/Toplu resim-Kapaklı-Desenli-3.png,"PNG RGBA 36,3 MP + ICC — alfa, ICC, yüksek MP",jpeg,85,2400,2,1,1.04056,1.04955,351236,325872,108227,2400,1477,PNG,RGBA,7677,4724,36.266,11414055,1,1,
ffmpeg,public/files/Toplu resim-Kapaklı-Desenli-3.png,"PNG RGBA 36,3 MP + ICC — alfa, ICC, yüksek MP",jpeg,85,2400,0,1,1.45981,1.46142,265880,240516,131571,2400,1477,PNG,RGBA,7677,4724,36.266,11414055,1,1,
ffmpeg,public/files/Toplu resim-Kapaklı-Desenli-3.png,"PNG RGBA 36,3 MP + ICC — alfa, ICC, yüksek MP",jpeg,85,2400,1,1,1.45357,1.45502,266084,240720,131571,2400,1477,PNG,RGBA,7677,4724,36.266,11414055,1,1,
ffmpeg,public/files/Toplu resim-Kapaklı-Desenli-3.png,"PNG RGBA 36,3 MP + ICC — alfa, ICC, yüksek MP",jpeg,85,2400,2,1,1.44856,1.45001,266004,240640,131571,2400,1477,PNG,RGBA,7677,4724,36.266,11414055,1,1,
pillow,public/files/Toplu resim-Kapaklı-Desenli-3.png,"PNG RGBA 36,3 MP + ICC — alfa, ICC, yüksek MP",webp,80,2400,0,1,2.17654,2.18445,376248,350892,71822,2400,1477,PNG,RGBA,7677,4724,36.266,11414055,1,1,
pillow,public/files/Toplu resim-Kapaklı-Desenli-3.png,"PNG RGBA 36,3 MP + ICC — alfa, ICC, yüksek MP",webp,80,2400,1,1,2.16805,2.17605,376248,350892,71822,2400,1477,PNG,RGBA,7677,4724,36.266,11414055,1,1,
pillow,public/files/Toplu resim-Kapaklı-Desenli-3.png,"PNG RGBA 36,3 MP + ICC — alfa, ICC, yüksek MP",webp,80,2400,2,1,2.20709,2.21494,376248,350892,71822,2400,1477,PNG,RGBA,7677,4724,36.266,11414055,1,1,
pillow_draft,public/files/Toplu resim-Kapaklı-Desenli-3.png,"PNG RGBA 36,3 MP + ICC — alfa, ICC, yüksek MP",webp,80,2400,0,1,2.1898,2.19822,376168,350804,71822,2400,1477,PNG,RGBA,7677,4724,36.266,11414055,1,1,
pillow_draft,public/files/Toplu resim-Kapaklı-Desenli-3.png,"PNG RGBA 36,3 MP + ICC — alfa, ICC, yüksek MP",webp,80,2400,1,1,2.16667,2.17455,376248,350884,71822,2400,1477,PNG,RGBA,7677,4724,36.266,11414055,1,1,
pillow_draft,public/files/Toplu resim-Kapaklı-Desenli-3.png,"PNG RGBA 36,3 MP + ICC — alfa, ICC, yüksek MP",webp,80,2400,2,1,2.17266,2.18032,376248,350884,71822,2400,1477,PNG,RGBA,7677,4724,36.266,11414055,1,1,
pyvips,public/files/Toplu resim-Kapaklı-Desenli-3.png,"PNG RGBA 36,3 MP + ICC — alfa, ICC, yüksek MP",webp,80,2400,0,1,1.24353,1.24959,377480,352116,85576,2400,1477,PNG,RGBA,7677,4724,36.266,11414055,1,1,
pyvips,public/files/Toplu resim-Kapaklı-Desenli-3.png,"PNG RGBA 36,3 MP + ICC — alfa, ICC, yüksek MP",webp,80,2400,1,1,1.25082,1.25868,393020,367656,85576,2400,1477,PNG,RGBA,7677,4724,36.266,11414055,1,1,
pyvips,public/files/Toplu resim-Kapaklı-Desenli-3.png,"PNG RGBA 36,3 MP + ICC — alfa, ICC, yüksek MP",webp,80,2400,2,1,1.25313,1.25903,373612,348248,85576,2400,1477,PNG,RGBA,7677,4724,36.266,11414055,1,1,
pyvips_c1,public/files/Toplu resim-Kapaklı-Desenli-3.png,"PNG RGBA 36,3 MP + ICC — alfa, ICC, yüksek MP",webp,80,2400,0,1,1.24292,1.24875,377496,352132,85576,2400,1477,PNG,RGBA,7677,4724,36.266,11414055,1,1,
pyvips_c1,public/files/Toplu resim-Kapaklı-Desenli-3.png,"PNG RGBA 36,3 MP + ICC — alfa, ICC, yüksek MP",webp,80,2400,1,1,1.26334,1.27034,520352,494988,85576,2400,1477,PNG,RGBA,7677,4724,36.266,11414055,1,1,
pyvips_c1,public/files/Toplu resim-Kapaklı-Desenli-3.png,"PNG RGBA 36,3 MP + ICC — alfa, ICC, yüksek MP",webp,80,2400,2,1,1.2349,1.24025,347804,322440,85576,2400,1477,PNG,RGBA,7677,4724,36.266,11414055,1,1,
pyvips_tuned,public/files/Toplu resim-Kapaklı-Desenli-3.png,"PNG RGBA 36,3 MP + ICC — alfa, ICC, yüksek MP",webp,80,2400,0,1,1.26081,1.26603,338236,312872,78876,2400,1477,PNG,RGBA,7677,4724,36.266,11414055,1,1,
pyvips_tuned,public/files/Toplu resim-Kapaklı-Desenli-3.png,"PNG RGBA 36,3 MP + ICC — alfa, ICC, yüksek MP",webp,80,2400,1,1,1.25239,1.25856,429480,404116,78876,2400,1477,PNG,RGBA,7677,4724,36.266,11414055,1,1,
pyvips_tuned,public/files/Toplu resim-Kapaklı-Desenli-3.png,"PNG RGBA 36,3 MP + ICC — alfa, ICC, yüksek MP",webp,80,2400,2,1,1.27515,1.2815,375956,350592,78876,2400,1477,PNG,RGBA,7677,4724,36.266,11414055,1,1,
ffmpeg,public/files/Toplu resim-Kapaklı-Desenli-3.png,"PNG RGBA 36,3 MP + ICC — alfa, ICC, yüksek MP",webp,80,2400,0,1,1.72323,1.72491,313024,287660,64532,2400,1477,PNG,RGBA,7677,4724,36.266,11414055,1,1,
ffmpeg,public/files/Toplu resim-Kapaklı-Desenli-3.png,"PNG RGBA 36,3 MP + ICC — alfa, ICC, yüksek MP",webp,80,2400,1,1,1.70255,1.70425,313136,287772,64532,2400,1477,PNG,RGBA,7677,4724,36.266,11414055,1,1,
ffmpeg,public/files/Toplu resim-Kapaklı-Desenli-3.png,"PNG RGBA 36,3 MP + ICC — alfa, ICC, yüksek MP",webp,80,2400,2,1,1.71144,1.7133,313372,288008,64532,2400,1477,PNG,RGBA,7677,4724,36.266,11414055,1,1,
pillow,private/files/av-120.tif,"TIFF RGB 18,3 MP / 22,1 MB — korpusun en büyük baytı",jpeg,85,2400,0,1,0.7455,0.75395,216016,190660,135794,2400,1600,TIFF,RGB,5237,3491,18.282,22065728,1,1,
pillow,private/files/av-120.tif,"TIFF RGB 18,3 MP / 22,1 MB — korpusun en büyük baytı",jpeg,85,2400,1,1,0.74631,0.75488,216016,190660,135794,2400,1600,TIFF,RGB,5237,3491,18.282,22065728,1,1,
pillow,private/files/av-120.tif,"TIFF RGB 18,3 MP / 22,1 MB — korpusun en büyük baytı",jpeg,85,2400,2,1,0.72707,0.73434,216016,190660,135794,2400,1600,TIFF,RGB,5237,3491,18.282,22065728,1,1,
pillow_draft,private/files/av-120.tif,"TIFF RGB 18,3 MP / 22,1 MB — korpusun en büyük baytı",jpeg,85,2400,0,1,0.72746,0.73531,216016,190652,135794,2400,1600,TIFF,RGB,5237,3491,18.282,22065728,1,1,
pillow_draft,private/files/av-120.tif,"TIFF RGB 18,3 MP / 22,1 MB — korpusun en büyük baytı",jpeg,85,2400,1,1,0.72749,0.73516,216016,190652,135794,2400,1600,TIFF,RGB,5237,3491,18.282,22065728,1,1,
pillow_draft,private/files/av-120.tif,"TIFF RGB 18,3 MP / 22,1 MB — korpusun en büyük baytı",jpeg,85,2400,2,1,0.72891,0.73775,216016,190652,135794,2400,1600,TIFF,RGB,5237,3491,18.282,22065728,1,1,
pyvips,private/files/av-120.tif,"TIFF RGB 18,3 MP / 22,1 MB — korpusun en büyük baytı",jpeg,85,2400,0,1,0.30725,0.31163,173120,147756,135645,2400,1600,TIFF,RGB,5237,3491,18.282,22065728,1,1,
pyvips,private/files/av-120.tif,"TIFF RGB 18,3 MP / 22,1 MB — korpusun en büyük baytı",jpeg,85,2400,1,1,0.33896,0.34322,176452,151088,135645,2400,1600,TIFF,RGB,5237,3491,18.282,22065728,1,1,
pyvips,private/files/av-120.tif,"TIFF RGB 18,3 MP / 22,1 MB — korpusun en büyük baytı",jpeg,85,2400,2,1,0.32549,0.32979,166300,140936,135645,2400,1600,TIFF,RGB,5237,3491,18.282,22065728,1,1,
pyvips_c1,private/files/av-120.tif,"TIFF RGB 18,3 MP / 22,1 MB — korpusun en büyük baytı",jpeg,85,2400,0,1,0.34453,0.35013,176516,151152,135645,2400,1600,TIFF,RGB,5237,3491,18.282,22065728,1,1,
pyvips_c1,private/files/av-120.tif,"TIFF RGB 18,3 MP / 22,1 MB — korpusun en büyük baytı",jpeg,85,2400,1,1,0.37708,0.38193,167444,142080,135645,2400,1600,TIFF,RGB,5237,3491,18.282,22065728,1,1,
pyvips_c1,private/files/av-120.tif,"TIFF RGB 18,3 MP / 22,1 MB — korpusun en büyük baytı",jpeg,85,2400,2,1,0.34596,0.35075,180220,154856,135645,2400,1600,TIFF,RGB,5237,3491,18.282,22065728,1,1,
pyvips_tuned,private/files/av-120.tif,"TIFF RGB 18,3 MP / 22,1 MB — korpusun en büyük baytı",jpeg,85,2400,0,1,0.30639,0.31073,176204,150840,134471,2400,1600,TIFF,RGB,5237,3491,18.282,22065728,1,1,
pyvips_tuned,private/files/av-120.tif,"TIFF RGB 18,3 MP / 22,1 MB — korpusun en büyük baytı",jpeg,85,2400,1,1,0.30044,0.30432,166700,141336,134471,2400,1600,TIFF,RGB,5237,3491,18.282,22065728,1,1,
pyvips_tuned,private/files/av-120.tif,"TIFF RGB 18,3 MP / 22,1 MB — korpusun en büyük baytı",jpeg,85,2400,2,1,0.29682,0.30128,183896,158532,134471,2400,1600,TIFF,RGB,5237,3491,18.282,22065728,1,1,
ffmpeg,private/files/av-120.tif,"TIFF RGB 18,3 MP / 22,1 MB — korpusun en büyük baytı",jpeg,85,2400,0,1,0.71953,0.72126,181756,156392,169200,2400,1600,TIFF,RGB,5237,3491,18.282,22065728,1,1,
ffmpeg,private/files/av-120.tif,"TIFF RGB 18,3 MP / 22,1 MB — korpusun en büyük baytı",jpeg,85,2400,1,1,0.72032,0.72202,181884,156520,169200,2400,1600,TIFF,RGB,5237,3491,18.282,22065728,1,1,
ffmpeg,private/files/av-120.tif,"TIFF RGB 18,3 MP / 22,1 MB — korpusun en büyük baytı",jpeg,85,2400,2,1,0.71253,0.71414,181716,156352,169200,2400,1600,TIFF,RGB,5237,3491,18.282,22065728,1,1,
pillow,private/files/av-120.tif,"TIFF RGB 18,3 MP / 22,1 MB — korpusun en büyük baytı",webp,80,2400,0,1,0.90713,0.91484,215780,190424,70024,2400,1600,TIFF,RGB,5237,3491,18.282,22065728,1,1,
pillow,private/files/av-120.tif,"TIFF RGB 18,3 MP / 22,1 MB — korpusun en büyük baytı",webp,80,2400,1,1,0.87612,0.88342,216016,190660,70024,2400,1600,TIFF,RGB,5237,3491,18.282,22065728,1,1,
pillow,private/files/av-120.tif,"TIFF RGB 18,3 MP / 22,1 MB — korpusun en büyük baytı",webp,80,2400,2,1,0.88292,0.89014,216016,190660,70024,2400,1600,TIFF,RGB,5237,3491,18.282,22065728,1,1,
pillow_draft,private/files/av-120.tif,"TIFF RGB 18,3 MP / 22,1 MB — korpusun en büyük baytı",webp,80,2400,0,1,0.88044,0.88772,216016,190652,70024,2400,1600,TIFF,RGB,5237,3491,18.282,22065728,1,1,
pillow_draft,private/files/av-120.tif,"TIFF RGB 18,3 MP / 22,1 MB — korpusun en büyük baytı",webp,80,2400,1,1,0.87404,0.88149,216016,190652,70024,2400,1600,TIFF,RGB,5237,3491,18.282,22065728,1,1,
pillow_draft,private/files/av-120.tif,"TIFF RGB 18,3 MP / 22,1 MB — korpusun en büyük baytı",webp,80,2400,2,1,0.87448,0.88181,216016,190652,70024,2400,1600,TIFF,RGB,5237,3491,18.282,22065728,1,1,
pyvips,private/files/av-120.tif,"TIFF RGB 18,3 MP / 22,1 MB — korpusun en büyük baytı",webp,80,2400,0,1,0.45367,0.45789,191724,166360,95490,2400,1600,TIFF,RGB,5237,3491,18.282,22065728,1,1,
pyvips,private/files/av-120.tif,"TIFF RGB 18,3 MP / 22,1 MB — korpusun en büyük baytı",webp,80,2400,1,1,0.46381,0.46817,181324,155960,95490,2400,1600,TIFF,RGB,5237,3491,18.282,22065728,1,1,
pyvips,private/files/av-120.tif,"TIFF RGB 18,3 MP / 22,1 MB — korpusun en büyük baytı",webp,80,2400,2,1,0.47082,0.47639,187820,162456,95490,2400,1600,TIFF,RGB,5237,3491,18.282,22065728,1,1,
pyvips_c1,private/files/av-120.tif,"TIFF RGB 18,3 MP / 22,1 MB — korpusun en büyük baytı",webp,80,2400,0,1,0.46031,0.46463,190668,165304,95490,2400,1600,TIFF,RGB,5237,3491,18.282,22065728,1,1,
pyvips_c1,private/files/av-120.tif,"TIFF RGB 18,3 MP / 22,1 MB — korpusun en büyük baytı",webp,80,2400,1,1,0.45217,0.45644,188316,162952,95490,2400,1600,TIFF,RGB,5237,3491,18.282,22065728,1,1,
pyvips_c1,private/files/av-120.tif,"TIFF RGB 18,3 MP / 22,1 MB — korpusun en büyük baytı",webp,80,2400,2,1,0.45994,0.46445,178436,153072,95490,2400,1600,TIFF,RGB,5237,3491,18.282,22065728,1,1,
pyvips_tuned,private/files/av-120.tif,"TIFF RGB 18,3 MP / 22,1 MB — korpusun en büyük baytı",webp,80,2400,0,1,0.45707,0.46176,202220,176856,88056,2400,1600,TIFF,RGB,5237,3491,18.282,22065728,1,1,
pyvips_tuned,private/files/av-120.tif,"TIFF RGB 18,3 MP / 22,1 MB — korpusun en büyük baytı",webp,80,2400,1,1,0.45365,0.458,182348,156984,88056,2400,1600,TIFF,RGB,5237,3491,18.282,22065728,1,1,
pyvips_tuned,private/files/av-120.tif,"TIFF RGB 18,3 MP / 22,1 MB — korpusun en büyük baytı",webp,80,2400,2,1,0.452,0.4563,189272,163908,88056,2400,1600,TIFF,RGB,5237,3491,18.282,22065728,1,1,
ffmpeg,private/files/av-120.tif,"TIFF RGB 18,3 MP / 22,1 MB — korpusun en büyük baytı",webp,80,2400,0,1,0.87521,0.87691,168620,143256,68304,2400,1600,TIFF,RGB,5237,3491,18.282,22065728,1,1,
ffmpeg,private/files/av-120.tif,"TIFF RGB 18,3 MP / 22,1 MB — korpusun en büyük baytı",webp,80,2400,1,1,0.88507,0.88673,168608,143244,68304,2400,1600,TIFF,RGB,5237,3491,18.282,22065728,1,1,
ffmpeg,private/files/av-120.tif,"TIFF RGB 18,3 MP / 22,1 MB — korpusun en büyük baytı",webp,80,2400,2,1,0.88303,0.88486,168600,143236,68304,2400,1600,TIFF,RGB,5237,3491,18.282,22065728,1,1,
pillow,public/files/323-9.png,"PNG RGBA 17,3 MP — tipik alfalı PNG",jpeg,85,2400,0,1,0.69098,0.69955,231428,206072,295063,2400,2400,PNG,RGBA,4160,4160,17.306,7554143,0,1,
pillow,public/files/323-9.png,"PNG RGBA 17,3 MP — tipik alfalı PNG",jpeg,85,2400,1,1,0.69112,0.69948,231428,206072,295063,2400,2400,PNG,RGBA,4160,4160,17.306,7554143,0,1,
pillow,public/files/323-9.png,"PNG RGBA 17,3 MP — tipik alfalı PNG",jpeg,85,2400,2,1,0.79742,0.80587,231428,206072,295063,2400,2400,PNG,RGBA,4160,4160,17.306,7554143,0,1,
pillow_draft,public/files/323-9.png,"PNG RGBA 17,3 MP — tipik alfalı PNG",jpeg,85,2400,0,1,0.68868,0.69719,231428,206064,295063,2400,2400,PNG,RGBA,4160,4160,17.306,7554143,0,1,
pillow_draft,public/files/323-9.png,"PNG RGBA 17,3 MP — tipik alfalı PNG",jpeg,85,2400,1,1,0.68314,0.69121,231428,206064,295063,2400,2400,PNG,RGBA,4160,4160,17.306,7554143,0,1,
pillow_draft,public/files/323-9.png,"PNG RGBA 17,3 MP — tipik alfalı PNG",jpeg,85,2400,2,1,0.71084,0.71932,231428,206064,295063,2400,2400,PNG,RGBA,4160,4160,17.306,7554143,0,1,
pyvips,public/files/323-9.png,"PNG RGBA 17,3 MP — tipik alfalı PNG",jpeg,85,2400,0,1,0.60051,0.60527,280308,254944,254951,2400,2400,PNG,RGBA,4160,4160,17.306,7554143,0,1,
pyvips,public/files/323-9.png,"PNG RGBA 17,3 MP — tipik alfalı PNG",jpeg,85,2400,1,1,0.58742,0.59184,250144,224780,254951,2400,2400,PNG,RGBA,4160,4160,17.306,7554143,0,1,
pyvips,public/files/323-9.png,"PNG RGBA 17,3 MP — tipik alfalı PNG",jpeg,85,2400,2,1,0.58462,0.58855,201936,176572,254951,2400,2400,PNG,RGBA,4160,4160,17.306,7554143,0,1,
pyvips_c1,public/files/323-9.png,"PNG RGBA 17,3 MP — tipik alfalı PNG",jpeg,85,2400,0,1,0.5875,0.59174,200480,175116,254951,2400,2400,PNG,RGBA,4160,4160,17.306,7554143,0,1,
pyvips_c1,public/files/323-9.png,"PNG RGBA 17,3 MP — tipik alfalı PNG",jpeg,85,2400,1,1,0.5886,0.59263,203396,178032,254951,2400,2400,PNG,RGBA,4160,4160,17.306,7554143,0,1,
pyvips_c1,public/files/323-9.png,"PNG RGBA 17,3 MP — tipik alfalı PNG",jpeg,85,2400,2,1,0.59398,0.59828,235668,210304,254951,2400,2400,PNG,RGBA,4160,4160,17.306,7554143,0,1,
pyvips_tuned,public/files/323-9.png,"PNG RGBA 17,3 MP — tipik alfalı PNG",jpeg,85,2400,0,1,0.59142,0.59577,251928,226564,248843,2400,2400,PNG,RGBA,4160,4160,17.306,7554143,0,1,
pyvips_tuned,public/files/323-9.png,"PNG RGBA 17,3 MP — tipik alfalı PNG",jpeg,85,2400,1,1,0.5884,0.59229,203312,177948,248843,2400,2400,PNG,RGBA,4160,4160,17.306,7554143,0,1,
pyvips_tuned,public/files/323-9.png,"PNG RGBA 17,3 MP — tipik alfalı PNG",jpeg,85,2400,2,1,0.6114,0.61528,201920,176556,248843,2400,2400,PNG,RGBA,4160,4160,17.306,7554143,0,1,
ffmpeg,public/files/323-9.png,"PNG RGBA 17,3 MP — tipik alfalı PNG",jpeg,85,2400,0,1,1.03038,1.0319,192824,167460,378008,2400,2400,PNG,RGBA,4160,4160,17.306,7554143,0,1,
ffmpeg,public/files/323-9.png,"PNG RGBA 17,3 MP — tipik alfalı PNG",jpeg,85,2400,1,1,1.03267,1.03418,192560,167196,378008,2400,2400,PNG,RGBA,4160,4160,17.306,7554143,0,1,
ffmpeg,public/files/323-9.png,"PNG RGBA 17,3 MP — tipik alfalı PNG",jpeg,85,2400,2,1,1.08906,1.09072,192464,167100,378008,2400,2400,PNG,RGBA,4160,4160,17.306,7554143,0,1,
pillow,public/files/323-9.png,"PNG RGBA 17,3 MP — tipik alfalı PNG",webp,80,2400,0,1,1.07923,1.08838,231312,205956,198128,2400,2400,PNG,RGBA,4160,4160,17.306,7554143,0,1,
pillow,public/files/323-9.png,"PNG RGBA 17,3 MP — tipik alfalı PNG",webp,80,2400,1,1,1.13878,1.14724,231312,205956,198128,2400,2400,PNG,RGBA,4160,4160,17.306,7554143,0,1,
pillow,public/files/323-9.png,"PNG RGBA 17,3 MP — tipik alfalı PNG",webp,80,2400,2,1,1.07714,1.08729,231312,205956,198128,2400,2400,PNG,RGBA,4160,4160,17.306,7554143,0,1,
pillow_draft,public/files/323-9.png,"PNG RGBA 17,3 MP — tipik alfalı PNG",webp,80,2400,0,1,1.08261,1.09082,231312,205948,198128,2400,2400,PNG,RGBA,4160,4160,17.306,7554143,0,1,
pillow_draft,public/files/323-9.png,"PNG RGBA 17,3 MP — tipik alfalı PNG",webp,80,2400,1,1,1.0974,1.10687,231312,205948,198128,2400,2400,PNG,RGBA,4160,4160,17.306,7554143,0,1,
pillow_draft,public/files/323-9.png,"PNG RGBA 17,3 MP — tipik alfalı PNG",webp,80,2400,2,1,1.07195,1.081,231312,205948,198128,2400,2400,PNG,RGBA,4160,4160,17.306,7554143,0,1,
pyvips,public/files/323-9.png,"PNG RGBA 17,3 MP — tipik alfalı PNG",webp,80,2400,0,1,1.07881,1.08457,401552,376188,201598,2400,2400,PNG,RGBA,4160,4160,17.306,7554143,0,1,
pyvips,public/files/323-9.png,"PNG RGBA 17,3 MP — tipik alfalı PNG",webp,80,2400,1,1,1.00022,1.00487,334048,308684,201598,2400,2400,PNG,RGBA,4160,4160,17.306,7554143,0,1,
pyvips,public/files/323-9.png,"PNG RGBA 17,3 MP — tipik alfalı PNG",webp,80,2400,2,1,1.00335,1.00989,324536,299172,201598,2400,2400,PNG,RGBA,4160,4160,17.306,7554143,0,1,
pyvips_c1,public/files/323-9.png,"PNG RGBA 17,3 MP — tipik alfalı PNG",webp,80,2400,0,1,1.0386,1.04531,401736,376372,201598,2400,2400,PNG,RGBA,4160,4160,17.306,7554143,0,1,
pyvips_c1,public/files/323-9.png,"PNG RGBA 17,3 MP — tipik alfalı PNG",webp,80,2400,1,1,1.04621,1.05308,469404,444040,201598,2400,2400,PNG,RGBA,4160,4160,17.306,7554143,0,1,
pyvips_c1,public/files/323-9.png,"PNG RGBA 17,3 MP — tipik alfalı PNG",webp,80,2400,2,1,1.03336,1.03898,369040,343676,201598,2400,2400,PNG,RGBA,4160,4160,17.306,7554143,0,1,
pyvips_tuned,public/files/323-9.png,"PNG RGBA 17,3 MP — tipik alfalı PNG",webp,80,2400,0,1,1.01785,1.02257,314484,289120,192528,2400,2400,PNG,RGBA,4160,4160,17.306,7554143,0,1,
pyvips_tuned,public/files/323-9.png,"PNG RGBA 17,3 MP — tipik alfalı PNG",webp,80,2400,1,1,0.99901,1.00389,318828,293464,192528,2400,2400,PNG,RGBA,4160,4160,17.306,7554143,0,1,
pyvips_tuned,public/files/323-9.png,"PNG RGBA 17,3 MP — tipik alfalı PNG",webp,80,2400,2,1,0.98964,0.99505,343088,317724,192528,2400,2400,PNG,RGBA,4160,4160,17.306,7554143,0,1,
ffmpeg,public/files/323-9.png,"PNG RGBA 17,3 MP — tipik alfalı PNG",webp,80,2400,0,1,1.44209,1.4438,269944,244580,165590,2400,2400,PNG,RGBA,4160,4160,17.306,7554143,0,1,
ffmpeg,public/files/323-9.png,"PNG RGBA 17,3 MP — tipik alfalı PNG",webp,80,2400,1,1,1.46505,1.46671,269844,244480,165590,2400,2400,PNG,RGBA,4160,4160,17.306,7554143,0,1,
ffmpeg,public/files/323-9.png,"PNG RGBA 17,3 MP — tipik alfalı PNG",webp,80,2400,2,1,1.43619,1.43792,269856,244492,165590,2400,2400,PNG,RGBA,4160,4160,17.306,7554143,0,1,
pillow,public/files/323-9 (1).webp,"WEBP RGBA 17,3 MP — aynı görselin WebP'si",jpeg,85,2400,0,1,0.44814,0.45764,304872,279516,286705,2400,2400,WEBP,RGBA,4160,4160,17.306,276786,0,1,
pillow,public/files/323-9 (1).webp,"WEBP RGBA 17,3 MP — aynı görselin WebP'si",jpeg,85,2400,1,1,0.45148,0.4601,304872,279516,286705,2400,2400,WEBP,RGBA,4160,4160,17.306,276786,0,1,
pillow,public/files/323-9 (1).webp,"WEBP RGBA 17,3 MP — aynı görselin WebP'si",jpeg,85,2400,2,1,0.44205,0.45035,304872,279516,286705,2400,2400,WEBP,RGBA,4160,4160,17.306,276786,0,1,
pillow_draft,public/files/323-9 (1).webp,"WEBP RGBA 17,3 MP — aynı görselin WebP'si",jpeg,85,2400,0,1,0.44178,0.45025,304872,279508,286705,2400,2400,WEBP,RGBA,4160,4160,17.306,276786,0,1,
pillow_draft,public/files/323-9 (1).webp,"WEBP RGBA 17,3 MP — aynı görselin WebP'si",jpeg,85,2400,1,1,0.46599,0.47418,304760,279396,286705,2400,2400,WEBP,RGBA,4160,4160,17.306,276786,0,1,
pillow_draft,public/files/323-9 (1).webp,"WEBP RGBA 17,3 MP — aynı görselin WebP'si",jpeg,85,2400,2,1,0.44697,0.45513,304872,279508,286705,2400,2400,WEBP,RGBA,4160,4160,17.306,276786,0,1,
pyvips,public/files/323-9 (1).webp,"WEBP RGBA 17,3 MP — aynı görselin WebP'si",jpeg,85,2400,0,1,0.24339,0.24808,253308,227944,251961,2400,2400,WEBP,RGBA,4160,4160,17.306,276786,0,1,
pyvips,public/files/323-9 (1).webp,"WEBP RGBA 17,3 MP — aynı görselin WebP'si",jpeg,85,2400,1,1,0.2364,0.24106,262436,237072,251961,2400,2400,WEBP,RGBA,4160,4160,17.306,276786,0,1,
pyvips,public/files/323-9 (1).webp,"WEBP RGBA 17,3 MP — aynı görselin WebP'si",jpeg,85,2400,2,1,0.23027,0.235,260760,235396,251961,2400,2400,WEBP,RGBA,4160,4160,17.306,276786,0,1,
pyvips_c1,public/files/323-9 (1).webp,"WEBP RGBA 17,3 MP — aynı görselin WebP'si",jpeg,85,2400,0,1,0.23596,0.24078,261460,236096,251961,2400,2400,WEBP,RGBA,4160,4160,17.306,276786,0,1,
pyvips_c1,public/files/323-9 (1).webp,"WEBP RGBA 17,3 MP — aynı görselin WebP'si",jpeg,85,2400,1,1,0.24443,0.24941,263600,238236,251961,2400,2400,WEBP,RGBA,4160,4160,17.306,276786,0,1,
pyvips_c1,public/files/323-9 (1).webp,"WEBP RGBA 17,3 MP — aynı görselin WebP'si",jpeg,85,2400,2,1,0.23324,0.23833,262964,237600,251961,2400,2400,WEBP,RGBA,4160,4160,17.306,276786,0,1,
pyvips_tuned,public/files/323-9 (1).webp,"WEBP RGBA 17,3 MP — aynı görselin WebP'si",jpeg,85,2400,0,1,0.44316,0.44973,411960,386596,243103,2400,2400,WEBP,RGBA,4160,4160,17.306,276786,0,1,
pyvips_tuned,public/files/323-9 (1).webp,"WEBP RGBA 17,3 MP — aynı görselin WebP'si",jpeg,85,2400,1,1,0.42899,0.43567,410528,385164,243103,2400,2400,WEBP,RGBA,4160,4160,17.306,276786,0,1,
pyvips_tuned,public/files/323-9 (1).webp,"WEBP RGBA 17,3 MP — aynı görselin WebP'si",jpeg,85,2400,2,1,0.4304,0.43723,428744,403380,243103,2400,2400,WEBP,RGBA,4160,4160,17.306,276786,0,1,
ffmpeg,public/files/323-9 (1).webp,"WEBP RGBA 17,3 MP — aynı görselin WebP'si",jpeg,85,2400,0,1,0.40862,0.41009,156988,131624,240330,2400,2400,WEBP,RGBA,4160,4160,17.306,276786,0,1,
ffmpeg,public/files/323-9 (1).webp,"WEBP RGBA 17,3 MP — aynı görselin WebP'si",jpeg,85,2400,1,1,0.40784,0.40931,156972,131608,240330,2400,2400,WEBP,RGBA,4160,4160,17.306,276786,0,1,
ffmpeg,public/files/323-9 (1).webp,"WEBP RGBA 17,3 MP — aynı görselin WebP'si",jpeg,85,2400,2,1,0.41089,0.41232,156984,131620,240330,2400,2400,WEBP,RGBA,4160,4160,17.306,276786,0,1,
pillow,public/files/323-9 (1).webp,"WEBP RGBA 17,3 MP — aynı görselin WebP'si",webp,80,2400,0,1,0.82066,0.82869,304872,279516,195622,2400,2400,WEBP,RGBA,4160,4160,17.306,276786,0,1,
pillow,public/files/323-9 (1).webp,"WEBP RGBA 17,3 MP — aynı görselin WebP'si",webp,80,2400,1,1,0.82043,0.82893,304872,279516,195622,2400,2400,WEBP,RGBA,4160,4160,17.306,276786,0,1,
pillow,public/files/323-9 (1).webp,"WEBP RGBA 17,3 MP — aynı görselin WebP'si",webp,80,2400,2,1,0.82336,0.83281,304872,279516,195622,2400,2400,WEBP,RGBA,4160,4160,17.306,276786,0,1,
pillow_draft,public/files/323-9 (1).webp,"WEBP RGBA 17,3 MP — aynı görselin WebP'si",webp,80,2400,0,1,0.82825,0.83745,304872,279508,195622,2400,2400,WEBP,RGBA,4160,4160,17.306,276786,0,1,
pillow_draft,public/files/323-9 (1).webp,"WEBP RGBA 17,3 MP — aynı görselin WebP'si",webp,80,2400,1,1,0.82323,0.8317,304872,279508,195622,2400,2400,WEBP,RGBA,4160,4160,17.306,276786,0,1,
pillow_draft,public/files/323-9 (1).webp,"WEBP RGBA 17,3 MP — aynı görselin WebP'si",webp,80,2400,2,1,0.8241,0.83259,304872,279508,195622,2400,2400,WEBP,RGBA,4160,4160,17.306,276786,0,1,
pyvips,public/files/323-9 (1).webp,"WEBP RGBA 17,3 MP — aynı görselin WebP'si",webp,80,2400,0,1,0.59725,0.60274,383312,357948,176164,2400,2400,WEBP,RGBA,4160,4160,17.306,276786,0,1,
pyvips,public/files/323-9 (1).webp,"WEBP RGBA 17,3 MP — aynı görselin WebP'si",webp,80,2400,1,1,0.59084,0.59606,367664,342300,176164,2400,2400,WEBP,RGBA,4160,4160,17.306,276786,0,1,
pyvips,public/files/323-9 (1).webp,"WEBP RGBA 17,3 MP — aynı görselin WebP'si",webp,80,2400,2,1,0.59913,0.60504,382480,357116,176164,2400,2400,WEBP,RGBA,4160,4160,17.306,276786,0,1,
pyvips_c1,public/files/323-9 (1).webp,"WEBP RGBA 17,3 MP — aynı görselin WebP'si",webp,80,2400,0,1,0.59167,0.59766,388956,363592,176164,2400,2400,WEBP,RGBA,4160,4160,17.306,276786,0,1,
pyvips_c1,public/files/323-9 (1).webp,"WEBP RGBA 17,3 MP — aynı görselin WebP'si",webp,80,2400,1,1,0.60424,0.61015,383576,358212,176164,2400,2400,WEBP,RGBA,4160,4160,17.306,276786,0,1,
pyvips_c1,public/files/323-9 (1).webp,"WEBP RGBA 17,3 MP — aynı görselin WebP'si",webp,80,2400,2,1,0.60005,0.60582,382196,356832,176164,2400,2400,WEBP,RGBA,4160,4160,17.306,276786,0,1,
pyvips_tuned,public/files/323-9 (1).webp,"WEBP RGBA 17,3 MP — aynı görselin WebP'si",webp,80,2400,0,1,0.84766,0.85512,541836,516472,188570,2400,2400,WEBP,RGBA,4160,4160,17.306,276786,0,1,
pyvips_tuned,public/files/323-9 (1).webp,"WEBP RGBA 17,3 MP — aynı görselin WebP'si",webp,80,2400,1,1,0.83234,0.8403,554784,529420,188570,2400,2400,WEBP,RGBA,4160,4160,17.306,276786,0,1,
pyvips_tuned,public/files/323-9 (1).webp,"WEBP RGBA 17,3 MP — aynı görselin WebP'si",webp,80,2400,2,1,0.8834,0.89186,586604,561240,188570,2400,2400,WEBP,RGBA,4160,4160,17.306,276786,0,1,
ffmpeg,public/files/323-9 (1).webp,"WEBP RGBA 17,3 MP — aynı görselin WebP'si",webp,80,2400,0,1,0.80467,0.80692,208972,183608,169158,2400,2400,WEBP,RGBA,4160,4160,17.306,276786,0,1,
ffmpeg,public/files/323-9 (1).webp,"WEBP RGBA 17,3 MP — aynı görselin WebP'si",webp,80,2400,1,1,0.80466,0.80642,209096,183732,169158,2400,2400,WEBP,RGBA,4160,4160,17.306,276786,0,1,
ffmpeg,public/files/323-9 (1).webp,"WEBP RGBA 17,3 MP — aynı görselin WebP'si",webp,80,2400,2,1,0.80087,0.80275,209028,183664,169158,2400,2400,WEBP,RGBA,4160,4160,17.306,276786,0,1,
pillow,public/files/20250407160713_d33fff.webp,"WEBP RGB 6,3 MP — tipik WebP",jpeg,85,2400,0,1,0.17212,0.17858,133440,108084,291074,2400,1200,WEBP,RGB,3556,1778,6.323,274066,0,0,
pillow,public/files/20250407160713_d33fff.webp,"WEBP RGB 6,3 MP — tipik WebP",jpeg,85,2400,1,1,0.17237,0.17888,133440,108084,291074,2400,1200,WEBP,RGB,3556,1778,6.323,274066,0,0,
pillow,public/files/20250407160713_d33fff.webp,"WEBP RGB 6,3 MP — tipik WebP",jpeg,85,2400,2,1,0.17361,0.18035,133440,108084,291074,2400,1200,WEBP,RGB,3556,1778,6.323,274066,0,0,
pillow_draft,public/files/20250407160713_d33fff.webp,"WEBP RGB 6,3 MP — tipik WebP",jpeg,85,2400,0,1,0.17331,0.18012,133440,108076,291074,2400,1200,WEBP,RGB,3556,1778,6.323,274066,0,0,
pillow_draft,public/files/20250407160713_d33fff.webp,"WEBP RGB 6,3 MP — tipik WebP",jpeg,85,2400,1,1,0.17153,0.178,133440,108076,291074,2400,1200,WEBP,RGB,3556,1778,6.323,274066,0,0,
pillow_draft,public/files/20250407160713_d33fff.webp,"WEBP RGB 6,3 MP — tipik WebP",jpeg,85,2400,2,1,0.17229,0.17887,133440,108076,291074,2400,1200,WEBP,RGB,3556,1778,6.323,274066,0,0,
pyvips,public/files/20250407160713_d33fff.webp,"WEBP RGB 6,3 MP — tipik WebP",jpeg,85,2400,0,1,0.11543,0.11878,100816,75452,294231,2400,1200,WEBP,RGB,3556,1778,6.323,274066,0,0,
pyvips,public/files/20250407160713_d33fff.webp,"WEBP RGB 6,3 MP — tipik WebP",jpeg,85,2400,1,1,0.11095,0.11397,101788,76424,294231,2400,1200,WEBP,RGB,3556,1778,6.323,274066,0,0,
pyvips,public/files/20250407160713_d33fff.webp,"WEBP RGB 6,3 MP — tipik WebP",jpeg,85,2400,2,1,0.10997,0.11319,102860,77496,294231,2400,1200,WEBP,RGB,3556,1778,6.323,274066,0,0,
pyvips_c1,public/files/20250407160713_d33fff.webp,"WEBP RGB 6,3 MP — tipik WebP",jpeg,85,2400,0,1,0.11697,0.12038,103480,78116,294231,2400,1200,WEBP,RGB,3556,1778,6.323,274066,0,0,
pyvips_c1,public/files/20250407160713_d33fff.webp,"WEBP RGB 6,3 MP — tipik WebP",jpeg,85,2400,1,1,0.11697,0.1204,103864,78500,294231,2400,1200,WEBP,RGB,3556,1778,6.323,274066,0,0,
pyvips_c1,public/files/20250407160713_d33fff.webp,"WEBP RGB 6,3 MP — tipik WebP",jpeg,85,2400,2,1,0.11732,0.12039,101580,76216,294231,2400,1200,WEBP,RGB,3556,1778,6.323,274066,0,0,
pyvips_tuned,public/files/20250407160713_d33fff.webp,"WEBP RGB 6,3 MP — tipik WebP",jpeg,85,2400,0,1,0.15006,0.15388,151536,126172,291368,2400,1200,WEBP,RGB,3556,1778,6.323,274066,0,0,
pyvips_tuned,public/files/20250407160713_d33fff.webp,"WEBP RGB 6,3 MP — tipik WebP",jpeg,85,2400,1,1,0.15346,0.15756,154748,129384,291368,2400,1200,WEBP,RGB,3556,1778,6.323,274066,0,0,
pyvips_tuned,public/files/20250407160713_d33fff.webp,"WEBP RGB 6,3 MP — tipik WebP",jpeg,85,2400,2,1,0.14953,0.15336,161664,136300,291368,2400,1200,WEBP,RGB,3556,1778,6.323,274066,0,0,
ffmpeg,public/files/20250407160713_d33fff.webp,"WEBP RGB 6,3 MP — tipik WebP",jpeg,85,2400,0,1,0.23169,0.23326,90984,65620,235746,2400,1200,WEBP,RGB,3556,1778,6.323,274066,0,0,
ffmpeg,public/files/20250407160713_d33fff.webp,"WEBP RGB 6,3 MP — tipik WebP",jpeg,85,2400,1,1,0.23179,0.23345,90860,65496,235746,2400,1200,WEBP,RGB,3556,1778,6.323,274066,0,0,
ffmpeg,public/files/20250407160713_d33fff.webp,"WEBP RGB 6,3 MP — tipik WebP",jpeg,85,2400,2,1,0.22838,0.22996,90868,65504,235746,2400,1200,WEBP,RGB,3556,1778,6.323,274066,0,0,
pillow,public/files/20250407160713_d33fff.webp,"WEBP RGB 6,3 MP — tipik WebP",webp,80,2400,0,1,0.35065,0.35684,133440,108084,145608,2400,1200,WEBP,RGB,3556,1778,6.323,274066,0,0,
pillow,public/files/20250407160713_d33fff.webp,"WEBP RGB 6,3 MP — tipik WebP",webp,80,2400,1,1,0.34292,0.3513,133440,108084,145608,2400,1200,WEBP,RGB,3556,1778,6.323,274066,0,0,
pillow,public/files/20250407160713_d33fff.webp,"WEBP RGB 6,3 MP — tipik WebP",webp,80,2400,2,1,0.34087,0.3481,133440,108084,145608,2400,1200,WEBP,RGB,3556,1778,6.323,274066,0,0,
pillow_draft,public/files/20250407160713_d33fff.webp,"WEBP RGB 6,3 MP — tipik WebP",webp,80,2400,0,1,0.34055,0.34747,133440,108076,145608,2400,1200,WEBP,RGB,3556,1778,6.323,274066,0,0,
pillow_draft,public/files/20250407160713_d33fff.webp,"WEBP RGB 6,3 MP — tipik WebP",webp,80,2400,1,1,0.34066,0.34732,133440,108076,145608,2400,1200,WEBP,RGB,3556,1778,6.323,274066,0,0,
pillow_draft,public/files/20250407160713_d33fff.webp,"WEBP RGB 6,3 MP — tipik WebP",webp,80,2400,2,1,0.34023,0.34731,133440,108076,145608,2400,1200,WEBP,RGB,3556,1778,6.323,274066,0,0,
pyvips,public/files/20250407160713_d33fff.webp,"WEBP RGB 6,3 MP — tipik WebP",webp,80,2400,0,1,0.28575,0.28939,109900,84536,148190,2400,1200,WEBP,RGB,3556,1778,6.323,274066,0,0,
pyvips,public/files/20250407160713_d33fff.webp,"WEBP RGB 6,3 MP — tipik WebP",webp,80,2400,1,1,0.28045,0.28382,105668,80304,148190,2400,1200,WEBP,RGB,3556,1778,6.323,274066,0,0,
pyvips,public/files/20250407160713_d33fff.webp,"WEBP RGB 6,3 MP — tipik WebP",webp,80,2400,2,1,0.27917,0.28291,108220,82856,148190,2400,1200,WEBP,RGB,3556,1778,6.323,274066,0,0,
pyvips_c1,public/files/20250407160713_d33fff.webp,"WEBP RGB 6,3 MP — tipik WebP",webp,80,2400,0,1,0.28589,0.28956,109624,84260,148190,2400,1200,WEBP,RGB,3556,1778,6.323,274066,0,0,
pyvips_c1,public/files/20250407160713_d33fff.webp,"WEBP RGB 6,3 MP — tipik WebP",webp,80,2400,1,1,0.27765,0.28111,105976,80612,148190,2400,1200,WEBP,RGB,3556,1778,6.323,274066,0,0,
pyvips_c1,public/files/20250407160713_d33fff.webp,"WEBP RGB 6,3 MP — tipik WebP",webp,80,2400,2,1,0.28566,0.28922,110660,85296,148190,2400,1200,WEBP,RGB,3556,1778,6.323,274066,0,0,
pyvips_tuned,public/files/20250407160713_d33fff.webp,"WEBP RGB 6,3 MP — tipik WebP",webp,80,2400,0,1,0.31849,0.32263,156792,131428,145880,2400,1200,WEBP,RGB,3556,1778,6.323,274066,0,0,
pyvips_tuned,public/files/20250407160713_d33fff.webp,"WEBP RGB 6,3 MP — tipik WebP",webp,80,2400,1,1,0.31859,0.32296,166244,140880,145880,2400,1200,WEBP,RGB,3556,1778,6.323,274066,0,0,
pyvips_tuned,public/files/20250407160713_d33fff.webp,"WEBP RGB 6,3 MP — tipik WebP",webp,80,2400,2,1,0.31814,0.32219,160940,135576,145880,2400,1200,WEBP,RGB,3556,1778,6.323,274066,0,0,
ffmpeg,public/files/20250407160713_d33fff.webp,"WEBP RGB 6,3 MP — tipik WebP",webp,80,2400,0,1,0.4034,0.40495,80276,54912,145734,2400,1200,WEBP,RGB,3556,1778,6.323,274066,0,0,
ffmpeg,public/files/20250407160713_d33fff.webp,"WEBP RGB 6,3 MP — tipik WebP",webp,80,2400,1,1,0.40288,0.40437,80176,54812,145734,2400,1200,WEBP,RGB,3556,1778,6.323,274066,0,0,
ffmpeg,public/files/20250407160713_d33fff.webp,"WEBP RGB 6,3 MP — tipik WebP",webp,80,2400,2,1,0.40281,0.4044,80300,54936,145734,2400,1200,WEBP,RGB,3556,1778,6.323,274066,0,0,
pillow,public/files/AV157G.jpg,"JPEG CMYK 2,1 MP — tipik CMYK ürün görseli",jpeg,85,2400,0,1,0.0547,0.06052,57272,31916,332211,1181,1772,JPEG,CMYK,1181,1772,2.093,921567,0,0,
pillow,public/files/AV157G.jpg,"JPEG CMYK 2,1 MP — tipik CMYK ürün görseli",jpeg,85,2400,1,1,0.05392,0.05977,57272,31916,332211,1181,1772,JPEG,CMYK,1181,1772,2.093,921567,0,0,
pillow,public/files/AV157G.jpg,"JPEG CMYK 2,1 MP — tipik CMYK ürün görseli",jpeg,85,2400,2,1,0.05401,0.06006,57272,31916,332211,1181,1772,JPEG,CMYK,1181,1772,2.093,921567,0,0,
pillow_draft,public/files/AV157G.jpg,"JPEG CMYK 2,1 MP — tipik CMYK ürün görseli",jpeg,85,2400,0,1,0.05379,0.05948,57272,31908,332211,1181,1772,JPEG,CMYK,1181,1772,2.093,921567,0,0,
pillow_draft,public/files/AV157G.jpg,"JPEG CMYK 2,1 MP — tipik CMYK ürün görseli",jpeg,85,2400,1,1,0.05389,0.0593,57272,31908,332211,1181,1772,JPEG,CMYK,1181,1772,2.093,921567,0,0,
pillow_draft,public/files/AV157G.jpg,"JPEG CMYK 2,1 MP — tipik CMYK ürün görseli",jpeg,85,2400,2,1,0.05372,0.05934,57272,31908,332211,1181,1772,JPEG,CMYK,1181,1772,2.093,921567,0,0,
pyvips,public/files/AV157G.jpg,"JPEG CMYK 2,1 MP — tipik CMYK ürün görseli",jpeg,85,2400,0,1,0.1048,0.10728,62248,36884,293775,1181,1772,JPEG,CMYK,1181,1772,2.093,921567,0,0,
pyvips,public/files/AV157G.jpg,"JPEG CMYK 2,1 MP — tipik CMYK ürün görseli",jpeg,85,2400,1,1,0.0955,0.09792,66260,40896,293775,1181,1772,JPEG,CMYK,1181,1772,2.093,921567,0,0,
pyvips,public/files/AV157G.jpg,"JPEG CMYK 2,1 MP — tipik CMYK ürün görseli",jpeg,85,2400,2,1,0.09529,0.09782,65260,39896,293775,1181,1772,JPEG,CMYK,1181,1772,2.093,921567,0,0,
pyvips_c1,public/files/AV157G.jpg,"JPEG CMYK 2,1 MP — tipik CMYK ürün görseli",jpeg,85,2400,0,1,0.0921,0.09476,66184,40820,293775,1181,1772,JPEG,CMYK,1181,1772,2.093,921567,0,0,
pyvips_c1,public/files/AV157G.jpg,"JPEG CMYK 2,1 MP — tipik CMYK ürün görseli",jpeg,85,2400,1,1,0.09317,0.09571,64672,39308,293775,1181,1772,JPEG,CMYK,1181,1772,2.093,921567,0,0,
pyvips_c1,public/files/AV157G.jpg,"JPEG CMYK 2,1 MP — tipik CMYK ürün görseli",jpeg,85,2400,2,1,0.09604,0.09867,66300,40936,293775,1181,1772,JPEG,CMYK,1181,1772,2.093,921567,0,0,
pyvips_tuned,public/files/AV157G.jpg,"JPEG CMYK 2,1 MP — tipik CMYK ürün görseli",jpeg,85,2400,0,1,0.09586,0.09833,62600,37236,293775,1181,1772,JPEG,CMYK,1181,1772,2.093,921567,0,0,
pyvips_tuned,public/files/AV157G.jpg,"JPEG CMYK 2,1 MP — tipik CMYK ürün görseli",jpeg,85,2400,1,1,0.09403,0.09639,62920,37556,293775,1181,1772,JPEG,CMYK,1181,1772,2.093,921567,0,0,
pyvips_tuned,public/files/AV157G.jpg,"JPEG CMYK 2,1 MP — tipik CMYK ürün görseli",jpeg,85,2400,2,1,0.09927,0.10176,65200,39836,293775,1181,1772,JPEG,CMYK,1181,1772,2.093,921567,0,0,
ffmpeg,public/files/AV157G.jpg,"JPEG CMYK 2,1 MP — tipik CMYK ürün görseli",jpeg,85,2400,0,1,0.11844,0.11998,85816,60452,406955,1181,1772,JPEG,CMYK,1181,1772,2.093,921567,0,0,
ffmpeg,public/files/AV157G.jpg,"JPEG CMYK 2,1 MP — tipik CMYK ürün görseli",jpeg,85,2400,1,1,0.12003,0.12149,85940,60576,406955,1181,1772,JPEG,CMYK,1181,1772,2.093,921567,0,0,
ffmpeg,public/files/AV157G.jpg,"JPEG CMYK 2,1 MP — tipik CMYK ürün görseli",jpeg,85,2400,2,1,0.1192,0.12071,85920,60556,406955,1181,1772,JPEG,CMYK,1181,1772,2.093,921567,0,0,
pillow,public/files/AV157G.jpg,"JPEG CMYK 2,1 MP — tipik CMYK ürün görseli",webp,80,2400,0,1,0.19957,0.20582,57800,32444,206364,1181,1772,JPEG,CMYK,1181,1772,2.093,921567,0,0,
pillow,public/files/AV157G.jpg,"JPEG CMYK 2,1 MP — tipik CMYK ürün görseli",webp,80,2400,1,1,0.1988,0.20496,57800,32444,206364,1181,1772,JPEG,CMYK,1181,1772,2.093,921567,0,0,
pillow,public/files/AV157G.jpg,"JPEG CMYK 2,1 MP — tipik CMYK ürün görseli",webp,80,2400,2,1,0.20066,0.20674,57800,32444,206364,1181,1772,JPEG,CMYK,1181,1772,2.093,921567,0,0,
pillow_draft,public/files/AV157G.jpg,"JPEG CMYK 2,1 MP — tipik CMYK ürün görseli",webp,80,2400,0,1,0.19938,0.20523,57800,32436,206364,1181,1772,JPEG,CMYK,1181,1772,2.093,921567,0,0,
pillow_draft,public/files/AV157G.jpg,"JPEG CMYK 2,1 MP — tipik CMYK ürün görseli",webp,80,2400,1,1,0.19906,0.20488,57800,32436,206364,1181,1772,JPEG,CMYK,1181,1772,2.093,921567,0,0,
pillow_draft,public/files/AV157G.jpg,"JPEG CMYK 2,1 MP — tipik CMYK ürün görseli",webp,80,2400,2,1,0.20071,0.20654,57800,32436,206364,1181,1772,JPEG,CMYK,1181,1772,2.093,921567,0,0,
pyvips,public/files/AV157G.jpg,"JPEG CMYK 2,1 MP — tipik CMYK ürün görseli",webp,80,2400,0,1,0.23795,0.24087,71220,45856,168818,1181,1772,JPEG,CMYK,1181,1772,2.093,921567,0,0,
pyvips,public/files/AV157G.jpg,"JPEG CMYK 2,1 MP — tipik CMYK ürün görseli",webp,80,2400,1,1,0.2425,0.24554,72120,46756,168818,1181,1772,JPEG,CMYK,1181,1772,2.093,921567,0,0,
pyvips,public/files/AV157G.jpg,"JPEG CMYK 2,1 MP — tipik CMYK ürün görseli",webp,80,2400,2,1,0.23878,0.24171,74048,48684,168818,1181,1772,JPEG,CMYK,1181,1772,2.093,921567,0,0,
pyvips_c1,public/files/AV157G.jpg,"JPEG CMYK 2,1 MP — tipik CMYK ürün görseli",webp,80,2400,0,1,0.24079,0.24375,71512,46148,168818,1181,1772,JPEG,CMYK,1181,1772,2.093,921567,0,0,
pyvips_c1,public/files/AV157G.jpg,"JPEG CMYK 2,1 MP — tipik CMYK ürün görseli",webp,80,2400,1,1,0.25211,0.25496,72024,46660,168818,1181,1772,JPEG,CMYK,1181,1772,2.093,921567,0,0,
pyvips_c1,public/files/AV157G.jpg,"JPEG CMYK 2,1 MP — tipik CMYK ürün görseli",webp,80,2400,2,1,0.23745,0.24024,73088,47724,168818,1181,1772,JPEG,CMYK,1181,1772,2.093,921567,0,0,
pyvips_tuned,public/files/AV157G.jpg,"JPEG CMYK 2,1 MP — tipik CMYK ürün görseli",webp,80,2400,0,1,0.25127,0.25393,67524,42160,161888,1181,1772,JPEG,CMYK,1181,1772,2.093,921567,0,0,
pyvips_tuned,public/files/AV157G.jpg,"JPEG CMYK 2,1 MP — tipik CMYK ürün görseli",webp,80,2400,1,1,0.23434,0.23691,71244,45880,161888,1181,1772,JPEG,CMYK,1181,1772,2.093,921567,0,0,
pyvips_tuned,public/files/AV157G.jpg,"JPEG CMYK 2,1 MP — tipik CMYK ürün görseli",webp,80,2400,2,1,0.23462,0.23745,70740,45376,161888,1181,1772,JPEG,CMYK,1181,1772,2.093,921567,0,0,
ffmpeg,public/files/AV157G.jpg,"JPEG CMYK 2,1 MP — tipik CMYK ürün görseli",webp,80,2400,0,1,0.29479,0.29643,74948,49584,206160,1181,1772,JPEG,CMYK,1181,1772,2.093,921567,0,0,
ffmpeg,public/files/AV157G.jpg,"JPEG CMYK 2,1 MP — tipik CMYK ürün görseli",webp,80,2400,1,1,0.30857,0.31017,74860,49496,206160,1181,1772,JPEG,CMYK,1181,1772,2.093,921567,0,0,
ffmpeg,public/files/AV157G.jpg,"JPEG CMYK 2,1 MP — tipik CMYK ürün görseli",webp,80,2400,2,1,0.2693,0.27104,74876,49512,206160,1181,1772,JPEG,CMYK,1181,1772,2.093,921567,0,0,
pillow,public/files/110401-1.jpg,"JPEG RGB 1,7 MP — medyan civarı ürün görseli",jpeg,85,2400,0,1,0.04632,0.05256,53624,28268,488872,1138,1515,JPEG,RGB,1138,1515,1.724,470241,0,0,
pillow,public/files/110401-1.jpg,"JPEG RGB 1,7 MP — medyan civarı ürün görseli",jpeg,85,2400,1,1,0.04724,0.05348,53624,28268,488872,1138,1515,JPEG,RGB,1138,1515,1.724,470241,0,0,
pillow,public/files/110401-1.jpg,"JPEG RGB 1,7 MP — medyan civarı ürün görseli",jpeg,85,2400,2,1,0.04678,0.05342,53624,28268,488872,1138,1515,JPEG,RGB,1138,1515,1.724,470241,0,0,
pillow_draft,public/files/110401-1.jpg,"JPEG RGB 1,7 MP — medyan civarı ürün görseli",jpeg,85,2400,0,1,0.04636,0.05348,53624,28260,488872,1138,1515,JPEG,RGB,1138,1515,1.724,470241,0,0,
pillow_draft,public/files/110401-1.jpg,"JPEG RGB 1,7 MP — medyan civarı ürün görseli",jpeg,85,2400,1,1,0.04666,0.05309,53624,28260,488872,1138,1515,JPEG,RGB,1138,1515,1.724,470241,0,0,
pillow_draft,public/files/110401-1.jpg,"JPEG RGB 1,7 MP — medyan civarı ürün görseli",jpeg,85,2400,2,1,0.0471,0.05351,53624,28260,488872,1138,1515,JPEG,RGB,1138,1515,1.724,470241,0,0,
pyvips,public/files/110401-1.jpg,"JPEG RGB 1,7 MP — medyan civarı ürün görseli",jpeg,85,2400,0,1,0.0627,0.06526,52608,27244,517359,1138,1515,JPEG,RGB,1138,1515,1.724,470241,0,0,
pyvips,public/files/110401-1.jpg,"JPEG RGB 1,7 MP — medyan civarı ürün görseli",jpeg,85,2400,1,1,0.0627,0.06529,54648,29284,517359,1138,1515,JPEG,RGB,1138,1515,1.724,470241,0,0,
pyvips,public/files/110401-1.jpg,"JPEG RGB 1,7 MP — medyan civarı ürün görseli",jpeg,85,2400,2,1,0.06154,0.06404,54584,29220,517359,1138,1515,JPEG,RGB,1138,1515,1.724,470241,0,0,
pyvips_c1,public/files/110401-1.jpg,"JPEG RGB 1,7 MP — medyan civarı ürün görseli",jpeg,85,2400,0,1,0.0638,0.06647,54360,28996,517359,1138,1515,JPEG,RGB,1138,1515,1.724,470241,0,0,
pyvips_c1,public/files/110401-1.jpg,"JPEG RGB 1,7 MP — medyan civarı ürün görseli",jpeg,85,2400,1,1,0.06405,0.0668,54924,29560,517359,1138,1515,JPEG,RGB,1138,1515,1.724,470241,0,0,
pyvips_c1,public/files/110401-1.jpg,"JPEG RGB 1,7 MP — medyan civarı ürün görseli",jpeg,85,2400,2,1,0.06386,0.06639,50596,25232,517359,1138,1515,JPEG,RGB,1138,1515,1.724,470241,0,0,
pyvips_tuned,public/files/110401-1.jpg,"JPEG RGB 1,7 MP — medyan civarı ürün görseli",jpeg,85,2400,0,1,0.04547,0.04767,41300,15936,488854,1138,1515,JPEG,RGB,1138,1515,1.724,470241,0,0,
pyvips_tuned,public/files/110401-1.jpg,"JPEG RGB 1,7 MP — medyan civarı ürün görseli",jpeg,85,2400,1,1,0.0457,0.04781,40988,15624,488854,1138,1515,JPEG,RGB,1138,1515,1.724,470241,0,0,
pyvips_tuned,public/files/110401-1.jpg,"JPEG RGB 1,7 MP — medyan civarı ürün görseli",jpeg,85,2400,2,1,0.04567,0.04792,41628,16264,488854,1138,1515,JPEG,RGB,1138,1515,1.724,470241,0,0,
ffmpeg,public/files/110401-1.jpg,"JPEG RGB 1,7 MP — medyan civarı ürün görseli",jpeg,85,2400,0,1,0.09333,0.09506,64696,39332,489232,1138,1515,JPEG,RGB,1138,1515,1.724,470241,0,0,
ffmpeg,public/files/110401-1.jpg,"JPEG RGB 1,7 MP — medyan civarı ürün görseli",jpeg,85,2400,1,1,0.08931,0.09089,64640,39276,489232,1138,1515,JPEG,RGB,1138,1515,1.724,470241,0,0,
ffmpeg,public/files/110401-1.jpg,"JPEG RGB 1,7 MP — medyan civarı ürün görseli",jpeg,85,2400,2,1,0.09028,0.09186,64692,39328,489232,1138,1515,JPEG,RGB,1138,1515,1.724,470241,0,0,
pillow,public/files/110401-1.jpg,"JPEG RGB 1,7 MP — medyan civarı ürün görseli",webp,80,2400,0,1,0.20693,0.21328,59272,33916,461558,1138,1515,JPEG,RGB,1138,1515,1.724,470241,0,0,
pillow,public/files/110401-1.jpg,"JPEG RGB 1,7 MP — medyan civarı ürün görseli",webp,80,2400,1,1,0.20581,0.21209,59272,33916,461558,1138,1515,JPEG,RGB,1138,1515,1.724,470241,0,0,
pillow,public/files/110401-1.jpg,"JPEG RGB 1,7 MP — medyan civarı ürün görseli",webp,80,2400,2,1,0.20667,0.2128,59272,33916,461558,1138,1515,JPEG,RGB,1138,1515,1.724,470241,0,0,
pillow_draft,public/files/110401-1.jpg,"JPEG RGB 1,7 MP — medyan civarı ürün görseli",webp,80,2400,0,1,0.20595,0.21196,59272,33908,461558,1138,1515,JPEG,RGB,1138,1515,1.724,470241,0,0,
pillow_draft,public/files/110401-1.jpg,"JPEG RGB 1,7 MP — medyan civarı ürün görseli",webp,80,2400,1,1,0.20766,0.21388,59272,33908,461558,1138,1515,JPEG,RGB,1138,1515,1.724,470241,0,0,
pillow_draft,public/files/110401-1.jpg,"JPEG RGB 1,7 MP — medyan civarı ürün görseli",webp,80,2400,2,1,0.20726,0.21347,59272,33908,461558,1138,1515,JPEG,RGB,1138,1515,1.724,470241,0,0,
pyvips,public/files/110401-1.jpg,"JPEG RGB 1,7 MP — medyan civarı ürün görseli",webp,80,2400,0,1,0.22821,0.23082,66872,41508,485026,1138,1515,JPEG,RGB,1138,1515,1.724,470241,0,0,
pyvips,public/files/110401-1.jpg,"JPEG RGB 1,7 MP — medyan civarı ürün görseli",webp,80,2400,1,1,0.22756,0.23012,67592,42228,485026,1138,1515,JPEG,RGB,1138,1515,1.724,470241,0,0,
pyvips,public/files/110401-1.jpg,"JPEG RGB 1,7 MP — medyan civarı ürün görseli",webp,80,2400,2,1,0.2258,0.22847,67592,42228,485026,1138,1515,JPEG,RGB,1138,1515,1.724,470241,0,0,
pyvips_c1,public/files/110401-1.jpg,"JPEG RGB 1,7 MP — medyan civarı ürün görseli",webp,80,2400,0,1,0.23019,0.23306,66320,40956,485026,1138,1515,JPEG,RGB,1138,1515,1.724,470241,0,0,
pyvips_c1,public/files/110401-1.jpg,"JPEG RGB 1,7 MP — medyan civarı ürün görseli",webp,80,2400,1,1,0.22645,0.22931,64884,39520,485026,1138,1515,JPEG,RGB,1138,1515,1.724,470241,0,0,
pyvips_c1,public/files/110401-1.jpg,"JPEG RGB 1,7 MP — medyan civarı ürün görseli",webp,80,2400,2,1,0.22806,0.2312,67040,41676,485026,1138,1515,JPEG,RGB,1138,1515,1.724,470241,0,0,
pyvips_tuned,public/files/110401-1.jpg,"JPEG RGB 1,7 MP — medyan civarı ürün görseli",webp,80,2400,0,1,0.20721,0.20983,54360,28996,461770,1138,1515,JPEG,RGB,1138,1515,1.724,470241,0,0,
pyvips_tuned,public/files/110401-1.jpg,"JPEG RGB 1,7 MP — medyan civarı ürün görseli",webp,80,2400,1,1,0.20695,0.20927,53840,28476,461770,1138,1515,JPEG,RGB,1138,1515,1.724,470241,0,0,
pyvips_tuned,public/files/110401-1.jpg,"JPEG RGB 1,7 MP — medyan civarı ürün görseli",webp,80,2400,2,1,0.2059,0.20813,53744,28380,461770,1138,1515,JPEG,RGB,1138,1515,1.724,470241,0,0,
ffmpeg,public/files/110401-1.jpg,"JPEG RGB 1,7 MP — medyan civarı ürün görseli",webp,80,2400,0,1,0.26333,0.26497,66148,40784,471296,1138,1515,JPEG,RGB,1138,1515,1.724,470241,0,0,
ffmpeg,public/files/110401-1.jpg,"JPEG RGB 1,7 MP — medyan civarı ürün görseli",webp,80,2400,1,1,0.26524,0.26682,66316,40952,471296,1138,1515,JPEG,RGB,1138,1515,1.724,470241,0,0,
ffmpeg,public/files/110401-1.jpg,"JPEG RGB 1,7 MP — medyan civarı ürün görseli",webp,80,2400,2,1,0.2648,0.26632,66108,40744,471296,1138,1515,JPEG,RGB,1138,1515,1.724,470241,0,0,
pillow,public/files/0158.jpg,"JPEG RGB 1,44 MP / 82 KB — p50 bayt/MP örneği",jpeg,85,2400,0,1,0.01922,0.02482,49656,24300,80499,1200,1200,JPEG,RGB,1200,1200,1.44,81970,0,0,
pillow,public/files/0158.jpg,"JPEG RGB 1,44 MP / 82 KB — p50 bayt/MP örneği",jpeg,85,2400,1,1,0.01916,0.02503,49656,24300,80499,1200,1200,JPEG,RGB,1200,1200,1.44,81970,0,0,
pillow,public/files/0158.jpg,"JPEG RGB 1,44 MP / 82 KB — p50 bayt/MP örneği",jpeg,85,2400,2,1,0.01886,0.02401,49656,24300,80499,1200,1200,JPEG,RGB,1200,1200,1.44,81970,0,0,
pillow_draft,public/files/0158.jpg,"JPEG RGB 1,44 MP / 82 KB — p50 bayt/MP örneği",jpeg,85,2400,0,1,0.01882,0.02393,49656,24292,80499,1200,1200,JPEG,RGB,1200,1200,1.44,81970,0,0,
pillow_draft,public/files/0158.jpg,"JPEG RGB 1,44 MP / 82 KB — p50 bayt/MP örneği",jpeg,85,2400,1,1,0.01868,0.02366,49656,24292,80499,1200,1200,JPEG,RGB,1200,1200,1.44,81970,0,0,
pillow_draft,public/files/0158.jpg,"JPEG RGB 1,44 MP / 82 KB — p50 bayt/MP örneği",jpeg,85,2400,2,1,0.0186,0.0235,49656,24292,80499,1200,1200,JPEG,RGB,1200,1200,1.44,81970,0,0,
pyvips,public/files/0158.jpg,"JPEG RGB 1,44 MP / 82 KB — p50 bayt/MP örneği",jpeg,85,2400,0,1,0.0303,0.0324,53312,27948,80123,1200,1200,JPEG,RGB,1200,1200,1.44,81970,0,0,
pyvips,public/files/0158.jpg,"JPEG RGB 1,44 MP / 82 KB — p50 bayt/MP örneği",jpeg,85,2400,1,1,0.03426,0.03651,52892,27528,80123,1200,1200,JPEG,RGB,1200,1200,1.44,81970,0,0,
pyvips,public/files/0158.jpg,"JPEG RGB 1,44 MP / 82 KB — p50 bayt/MP örneği",jpeg,85,2400,2,1,0.03,0.03217,50668,25304,80123,1200,1200,JPEG,RGB,1200,1200,1.44,81970,0,0,
pyvips_c1,public/files/0158.jpg,"JPEG RGB 1,44 MP / 82 KB — p50 bayt/MP örneği",jpeg,85,2400,0,1,0.03034,0.03266,51872,26508,80123,1200,1200,JPEG,RGB,1200,1200,1.44,81970,0,0,
pyvips_c1,public/files/0158.jpg,"JPEG RGB 1,44 MP / 82 KB — p50 bayt/MP örneği",jpeg,85,2400,1,1,0.0304,0.03263,52004,26640,80123,1200,1200,JPEG,RGB,1200,1200,1.44,81970,0,0,
pyvips_c1,public/files/0158.jpg,"JPEG RGB 1,44 MP / 82 KB — p50 bayt/MP örneği",jpeg,85,2400,2,1,0.03236,0.03469,55380,30016,80123,1200,1200,JPEG,RGB,1200,1200,1.44,81970,0,0,
pyvips_tuned,public/files/0158.jpg,"JPEG RGB 1,44 MP / 82 KB — p50 bayt/MP örneği",jpeg,85,2400,0,1,0.01916,0.0209,40624,15260,80420,1200,1200,JPEG,RGB,1200,1200,1.44,81970,0,0,
pyvips_tuned,public/files/0158.jpg,"JPEG RGB 1,44 MP / 82 KB — p50 bayt/MP örneği",jpeg,85,2400,1,1,0.01897,0.02078,40392,15028,80420,1200,1200,JPEG,RGB,1200,1200,1.44,81970,0,0,
pyvips_tuned,public/files/0158.jpg,"JPEG RGB 1,44 MP / 82 KB — p50 bayt/MP örneği",jpeg,85,2400,2,1,0.01919,0.02085,40708,15344,80420,1200,1200,JPEG,RGB,1200,1200,1.44,81970,0,0,
ffmpeg,public/files/0158.jpg,"JPEG RGB 1,44 MP / 82 KB — p50 bayt/MP örneği",jpeg,85,2400,0,1,0.06576,0.06715,59748,34384,77308,1200,1200,JPEG,RGB,1200,1200,1.44,81970,0,0,
ffmpeg,public/files/0158.jpg,"JPEG RGB 1,44 MP / 82 KB — p50 bayt/MP örneği",jpeg,85,2400,1,1,0.06456,0.06596,59708,34344,77308,1200,1200,JPEG,RGB,1200,1200,1.44,81970,0,0,
ffmpeg,public/files/0158.jpg,"JPEG RGB 1,44 MP / 82 KB — p50 bayt/MP örneği",jpeg,85,2400,2,1,0.06656,0.06803,59712,34348,77308,1200,1200,JPEG,RGB,1200,1200,1.44,81970,0,0,
pillow,public/files/0158.jpg,"JPEG RGB 1,44 MP / 82 KB — p50 bayt/MP örneği",webp,80,2400,0,1,0.08561,0.09167,51332,25976,46616,1200,1200,JPEG,RGB,1200,1200,1.44,81970,0,0,
pillow,public/files/0158.jpg,"JPEG RGB 1,44 MP / 82 KB — p50 bayt/MP örneği",webp,80,2400,1,1,0.08523,0.09107,51332,25976,46616,1200,1200,JPEG,RGB,1200,1200,1.44,81970,0,0,
pillow,public/files/0158.jpg,"JPEG RGB 1,44 MP / 82 KB — p50 bayt/MP örneği",webp,80,2400,2,1,0.08496,0.09064,51332,25976,46616,1200,1200,JPEG,RGB,1200,1200,1.44,81970,0,0,
pillow_draft,public/files/0158.jpg,"JPEG RGB 1,44 MP / 82 KB — p50 bayt/MP örneği",webp,80,2400,0,1,0.08521,0.09096,51332,25968,46616,1200,1200,JPEG,RGB,1200,1200,1.44,81970,0,0,
pillow_draft,public/files/0158.jpg,"JPEG RGB 1,44 MP / 82 KB — p50 bayt/MP örneği",webp,80,2400,1,1,0.08539,0.09141,51332,25968,46616,1200,1200,JPEG,RGB,1200,1200,1.44,81970,0,0,
pillow_draft,public/files/0158.jpg,"JPEG RGB 1,44 MP / 82 KB — p50 bayt/MP örneği",webp,80,2400,2,1,0.08551,0.09134,51332,25968,46616,1200,1200,JPEG,RGB,1200,1200,1.44,81970,0,0,
pyvips,public/files/0158.jpg,"JPEG RGB 1,44 MP / 82 KB — p50 bayt/MP örneği",webp,80,2400,0,1,0.09482,0.09715,56604,31240,47912,1200,1200,JPEG,RGB,1200,1200,1.44,81970,0,0,
pyvips,public/files/0158.jpg,"JPEG RGB 1,44 MP / 82 KB — p50 bayt/MP örneği",webp,80,2400,1,1,0.09653,0.09874,56284,30920,47912,1200,1200,JPEG,RGB,1200,1200,1.44,81970,0,0,
pyvips,public/files/0158.jpg,"JPEG RGB 1,44 MP / 82 KB — p50 bayt/MP örneği",webp,80,2400,2,1,0.09785,0.10027,55988,30624,47912,1200,1200,JPEG,RGB,1200,1200,1.44,81970,0,0,
pyvips_c1,public/files/0158.jpg,"JPEG RGB 1,44 MP / 82 KB — p50 bayt/MP örneği",webp,80,2400,0,1,0.09868,0.10208,56468,31104,47912,1200,1200,JPEG,RGB,1200,1200,1.44,81970,0,0,
pyvips_c1,public/files/0158.jpg,"JPEG RGB 1,44 MP / 82 KB — p50 bayt/MP örneği",webp,80,2400,1,1,0.09617,0.09889,56048,30684,47912,1200,1200,JPEG,RGB,1200,1200,1.44,81970,0,0,
pyvips_c1,public/files/0158.jpg,"JPEG RGB 1,44 MP / 82 KB — p50 bayt/MP örneği",webp,80,2400,2,1,0.09693,0.09948,58368,33004,47912,1200,1200,JPEG,RGB,1200,1200,1.44,81970,0,0,
pyvips_tuned,public/files/0158.jpg,"JPEG RGB 1,44 MP / 82 KB — p50 bayt/MP örneği",webp,80,2400,0,1,0.0846,0.08664,44488,19124,46828,1200,1200,JPEG,RGB,1200,1200,1.44,81970,0,0,
pyvips_tuned,public/files/0158.jpg,"JPEG RGB 1,44 MP / 82 KB — p50 bayt/MP örneği",webp,80,2400,1,1,0.08466,0.08672,45240,19876,46828,1200,1200,JPEG,RGB,1200,1200,1.44,81970,0,0,
pyvips_tuned,public/files/0158.jpg,"JPEG RGB 1,44 MP / 82 KB — p50 bayt/MP örneği",webp,80,2400,2,1,0.08737,0.08958,45512,20148,46828,1200,1200,JPEG,RGB,1200,1200,1.44,81970,0,0,
ffmpeg,public/files/0158.jpg,"JPEG RGB 1,44 MP / 82 KB — p50 bayt/MP örneği",webp,80,2400,0,1,0.15115,0.15279,58340,32976,47082,1200,1200,JPEG,RGB,1200,1200,1.44,81970,0,0,
ffmpeg,public/files/0158.jpg,"JPEG RGB 1,44 MP / 82 KB — p50 bayt/MP örneği",webp,80,2400,1,1,0.14192,0.1435,58224,32860,47082,1200,1200,JPEG,RGB,1200,1200,1.44,81970,0,0,
ffmpeg,public/files/0158.jpg,"JPEG RGB 1,44 MP / 82 KB — p50 bayt/MP örneği",webp,80,2400,2,1,0.14177,0.14335,58164,32800,47082,1200,1200,JPEG,RGB,1200,1200,1.44,81970,0,0,
