name,signal_source,category,code,severity,status,url,route,store,message,first_observed,last_observed,occurrences,crawl_run,recrawl_run,recrawl_count,owner_role,owner_store,root_cause,recommendation,evidence
po75p8do6a,log,technical,BOT_BLOCKED,error,open,http://tradehub.localhost:8000/shc-bot-gizli,/shc-bot-gizli,,bingbot 403 aldı (1 istek),2026-09-25 21:29:20.788891,2026-09-25 22:33:57.832471,10,,,0,SEO Manager,,Sunucu/WAF/hız sınırı botu engelliyor ya da sayfa yetki istiyor,Engel kuralını ve sayfanın indekslenebilirliğini kontrol et,"{""_key"": ""botblock:bingbot:403"", ""bot"": ""bingbot"", ""status"": 403, ""hits"": 1, ""last_day"": ""2026-09-21""}"
po78i0op6e,log,technical,BOT_BLOCKED,error,open,http://tradehub.localhost:8000/kategori/gizli,/kategori/gizli,,googlebot 403 aldı (6 istek),2026-09-25 21:29:20.788891,2026-09-25 22:33:57.832471,12,,,0,SEO Manager,,Sunucu/WAF/hız sınırı botu engelliyor ya da sayfa yetki istiyor,Engel kuralını ve sayfanın indekslenebilirliğini kontrol et,"{""_key"": ""botblock:googlebot:403"", ""bot"": ""googlebot"", ""status"": 403, ""hits"": 6, ""last_day"": ""2026-09-25""}"
vjq0fvq9v0,log,technical,BOT_BLOCKED,error,open,http://tradehub.localhost:8000/pnl-pfnxw,/pnl-pfnxw,,bingbot 403 aldı (1 istek),2026-09-25 22:33:57.832471,2026-09-25 22:33:57.832471,1,,,0,SEO Manager,,Sunucu/WAF/hız sınırı botu engelliyor ya da sayfa yetki istiyor,Engel kuralını ve sayfanın indekslenebilirliğini kontrol et,"{""_key"": ""botblock:bingbot:403"", ""bot"": ""bingbot"", ""status"": 403, ""hits"": 1, ""last_day"": ""2026-09-21""}"
po5iluhgh9,media,content,MEDIA_MISSING_ALT,error,open,http://tradehub.localhost:8000/files/rr-plan-c30e5f0e.jpg,/files/rr-plan-c30e5f0e.jpg,,Medya: Alt metni yok,2026-09-25 21:29:20.566836,2026-09-25 22:33:57.723509,10,,,0,SEO Editor,,Görsel meta verisi eksik/uyumsuz (medya SEO denetimi),Medya Kütüphanesi → SEO sekmesinden alt/başlık/optimizasyon düzelt,"{""_key"": ""media:MISSING_ALT"", ""detail"": """", ""score"": 42}"
po5petf997,media,content,MEDIA_MISSING_DIMENSIONS,error,open,http://tradehub.localhost:8000/files/rr-plan-c30e5f0e.jpg,/files/rr-plan-c30e5f0e.jpg,,Medya: Çözünürlük bilinmiyor — sayfada yanlış yer ayrılıyor (CLS),2026-09-25 21:29:20.566836,2026-09-25 22:33:57.723509,10,,,0,SEO Editor,,Görsel meta verisi eksik/uyumsuz (medya SEO denetimi),Medya Kütüphanesi → SEO sekmesinden alt/başlık/optimizasyon düzelt,"{""_key"": ""media:MISSING_DIMENSIONS"", ""detail"": """", ""score"": 42}"
po5vopnhb4,media,content,MEDIA_MISSING_ALT,error,open,http://tradehub.localhost:8000/files/rr-plan-fb86b075.jpg,/files/rr-plan-fb86b075.jpg,,Medya: Alt metni yok,2026-09-25 21:29:20.566836,2026-09-25 22:33:57.723509,10,,,0,SEO Editor,,Görsel meta verisi eksik/uyumsuz (medya SEO denetimi),Medya Kütüphanesi → SEO sekmesinden alt/başlık/optimizasyon düzelt,"{""_key"": ""media:MISSING_ALT"", ""detail"": """", ""score"": 42}"
po6046rkv0,media,content,MEDIA_MISSING_ALT,error,open,http://tradehub.localhost:8000/files/rr-plan-1d62588e.jpg,/files/rr-plan-1d62588e.jpg,,Medya: Alt metni yok,2026-09-25 21:29:20.566836,2026-09-25 22:33:57.723509,10,,,0,SEO Editor,,Görsel meta verisi eksik/uyumsuz (medya SEO denetimi),Medya Kütüphanesi → SEO sekmesinden alt/başlık/optimizasyon düzelt,"{""_key"": ""media:MISSING_ALT"", ""detail"": """", ""score"": 42}"
po63kf7dkd,media,content,MEDIA_MISSING_ALT,error,open,http://tradehub.localhost:8000/files/rr-plan-fe8b6ffe.jpg,/files/rr-plan-fe8b6ffe.jpg,,Medya: Alt metni yok,2026-09-25 21:29:20.566836,2026-09-25 22:33:57.723509,10,,,0,SEO Editor,,Görsel meta verisi eksik/uyumsuz (medya SEO denetimi),Medya Kütüphanesi → SEO sekmesinden alt/başlık/optimizasyon düzelt,"{""_key"": ""media:MISSING_ALT"", ""detail"": """", ""score"": 42}"
po64et3rnf,media,content,MEDIA_MISSING_DIMENSIONS,error,open,http://tradehub.localhost:8000/files/rr-plan-1d62588e.jpg,/files/rr-plan-1d62588e.jpg,,Medya: Çözünürlük bilinmiyor — sayfada yanlış yer ayrılıyor (CLS),2026-09-25 21:29:20.566836,2026-09-25 22:33:57.723509,10,,,0,SEO Editor,,Görsel meta verisi eksik/uyumsuz (medya SEO denetimi),Medya Kütüphanesi → SEO sekmesinden alt/başlık/optimizasyon düzelt,"{""_key"": ""media:MISSING_DIMENSIONS"", ""detail"": """", ""score"": 42}"
po65f0g6r4,media,content,MEDIA_MISSING_ALT,error,open,http://tradehub.localhost:8000/files/rr-plan-ad2a5026.jpg,/files/rr-plan-ad2a5026.jpg,,Medya: Alt metni yok,2026-09-25 21:29:20.566836,2026-09-25 22:33:57.723509,10,,,0,SEO Editor,,Görsel meta verisi eksik/uyumsuz (medya SEO denetimi),Medya Kütüphanesi → SEO sekmesinden alt/başlık/optimizasyon düzelt,"{""_key"": ""media:MISSING_ALT"", ""detail"": """", ""score"": 42}"
po69ijbu8j,media,content,MEDIA_MISSING_DIMENSIONS,error,open,http://tradehub.localhost:8000/files/rr-plan-ad2a5026.jpg,/files/rr-plan-ad2a5026.jpg,,Medya: Çözünürlük bilinmiyor — sayfada yanlış yer ayrılıyor (CLS),2026-09-25 21:29:20.566836,2026-09-25 22:33:57.723509,10,,,0,SEO Editor,,Görsel meta verisi eksik/uyumsuz (medya SEO denetimi),Medya Kütüphanesi → SEO sekmesinden alt/başlık/optimizasyon düzelt,"{""_key"": ""media:MISSING_DIMENSIONS"", ""detail"": """", ""score"": 42}"
po6a9eu7d7,media,content,MEDIA_MISSING_ALT,error,open,http://tradehub.localhost:8000/files/54/54f282a8010a71910344fe313722ede7.png,/files/54/54f282a8010a71910344fe313722ede7.png,,Medya: Alt metni yok,2026-09-25 21:29:20.566836,2026-09-25 22:33:57.723509,10,,,0,SEO Editor,,Görsel meta verisi eksik/uyumsuz (medya SEO denetimi),Medya Kütüphanesi → SEO sekmesinden alt/başlık/optimizasyon düzelt,"{""_key"": ""media:MISSING_ALT"", ""detail"": """", ""score"": 44}"
po6i2uq6g8,media,content,MEDIA_MISSING_DIMENSIONS,error,open,http://tradehub.localhost:8000/files/54/54f282a8010a71910344fe313722ede7.png,/files/54/54f282a8010a71910344fe313722ede7.png,,Medya: Çözünürlük bilinmiyor — sayfada yanlış yer ayrılıyor (CLS),2026-09-25 21:29:20.566836,2026-09-25 22:33:57.723509,10,,,0,SEO Editor,,Görsel meta verisi eksik/uyumsuz (medya SEO denetimi),Medya Kütüphanesi → SEO sekmesinden alt/başlık/optimizasyon düzelt,"{""_key"": ""media:MISSING_DIMENSIONS"", ""detail"": """", ""score"": 44}"
po6qkvm9qn,media,content,MEDIA_MISSING_DIMENSIONS,error,open,http://tradehub.localhost:8000/files/rr-plan-fb86b075.jpg,/files/rr-plan-fb86b075.jpg,,Medya: Çözünürlük bilinmiyor — sayfada yanlış yer ayrılıyor (CLS),2026-09-25 21:29:20.566836,2026-09-25 22:33:57.723509,10,,,0,SEO Editor,,Görsel meta verisi eksik/uyumsuz (medya SEO denetimi),Medya Kütüphanesi → SEO sekmesinden alt/başlık/optimizasyon düzelt,"{""_key"": ""media:MISSING_DIMENSIONS"", ""detail"": """", ""score"": 42}"
po6rt5jpo5,media,content,MEDIA_MISSING_DIMENSIONS,error,open,http://tradehub.localhost:8000/files/rr-plan-fe8b6ffe.jpg,/files/rr-plan-fe8b6ffe.jpg,,Medya: Çözünürlük bilinmiyor — sayfada yanlış yer ayrılıyor (CLS),2026-09-25 21:29:20.566836,2026-09-25 22:33:57.723509,10,,,0,SEO Editor,,Görsel meta verisi eksik/uyumsuz (medya SEO denetimi),Medya Kütüphanesi → SEO sekmesinden alt/başlık/optimizasyon düzelt,"{""_key"": ""media:MISSING_DIMENSIONS"", ""detail"": """", ""score"": 42}"
po71dp267v,media,content,MEDIA_MISSING_ALT,error,open,http://tradehub.localhost:8000/files/ba/ba15d2770f1dd57cdb08daf2d3f6a195.png,/files/ba/ba15d2770f1dd57cdb08daf2d3f6a195.png,,Medya: Alt metni yok,2026-09-25 21:29:20.566836,2026-09-25 22:33:57.723509,10,,,0,SEO Editor,,Görsel meta verisi eksik/uyumsuz (medya SEO denetimi),Medya Kütüphanesi → SEO sekmesinden alt/başlık/optimizasyon düzelt,"{""_key"": ""media:MISSING_ALT"", ""detail"": """", ""score"": 44}"
po72imkek5,media,content,MEDIA_MISSING_DIMENSIONS,error,open,http://tradehub.localhost:8000/files/rr-plan-012769c7.jpg,/files/rr-plan-012769c7.jpg,,Medya: Çözünürlük bilinmiyor — sayfada yanlış yer ayrılıyor (CLS),2026-09-25 21:29:20.566836,2026-09-25 22:33:57.723509,10,,,0,SEO Editor,,Görsel meta verisi eksik/uyumsuz (medya SEO denetimi),Medya Kütüphanesi → SEO sekmesinden alt/başlık/optimizasyon düzelt,"{""_key"": ""media:MISSING_DIMENSIONS"", ""detail"": """", ""score"": 42}"
po79jmffcp,media,content,MEDIA_MISSING_ALT,error,open,http://tradehub.localhost:8000/files/rr-plan-012769c7.jpg,/files/rr-plan-012769c7.jpg,,Medya: Alt metni yok,2026-09-25 21:29:20.566836,2026-09-25 22:33:57.723509,10,,,0,SEO Editor,,Görsel meta verisi eksik/uyumsuz (medya SEO denetimi),Medya Kütüphanesi → SEO sekmesinden alt/başlık/optimizasyon düzelt,"{""_key"": ""media:MISSING_ALT"", ""detail"": """", ""score"": 42}"
po7f6ruaue,media,content,MEDIA_MISSING_DIMENSIONS,error,open,http://tradehub.localhost:8000/files/20/20f1894e20242daead665f2e0d6b76ae.png,/files/20/20f1894e20242daead665f2e0d6b76ae.png,,Medya: Çözünürlük bilinmiyor — sayfada yanlış yer ayrılıyor (CLS),2026-09-25 21:29:20.566836,2026-09-25 22:33:57.723509,10,,,0,SEO Editor,,Görsel meta verisi eksik/uyumsuz (medya SEO denetimi),Medya Kütüphanesi → SEO sekmesinden alt/başlık/optimizasyon düzelt,"{""_key"": ""media:MISSING_DIMENSIONS"", ""detail"": """", ""score"": 42}"
po7gtgfdol,media,content,MEDIA_MISSING_ALT,error,open,http://tradehub.localhost:8000/files/20/20f1894e20242daead665f2e0d6b76ae.png,/files/20/20f1894e20242daead665f2e0d6b76ae.png,,Medya: Alt metni yok,2026-09-25 21:29:20.566836,2026-09-25 22:33:57.723509,10,,,0,SEO Editor,,Görsel meta verisi eksik/uyumsuz (medya SEO denetimi),Medya Kütüphanesi → SEO sekmesinden alt/başlık/optimizasyon düzelt,"{""_key"": ""media:MISSING_ALT"", ""detail"": """", ""score"": 42}"
po7h3p3srm,media,content,MEDIA_MISSING_DIMENSIONS,error,open,http://tradehub.localhost:8000/files/62/62bdc12c7014a7a4e64daea06ab5ccb7.png,/files/62/62bdc12c7014a7a4e64daea06ab5ccb7.png,,Medya: Çözünürlük bilinmiyor — sayfada yanlış yer ayrılıyor (CLS),2026-09-25 21:29:20.566836,2026-09-25 22:33:57.723509,10,,,0,SEO Editor,,Görsel meta verisi eksik/uyumsuz (medya SEO denetimi),Medya Kütüphanesi → SEO sekmesinden alt/başlık/optimizasyon düzelt,"{""_key"": ""media:MISSING_DIMENSIONS"", ""detail"": """", ""score"": 42}"
po7m5o6jj9,media,content,MEDIA_MISSING_ALT,error,open,http://tradehub.localhost:8000/files/62/62bdc12c7014a7a4e64daea06ab5ccb7.png,/files/62/62bdc12c7014a7a4e64daea06ab5ccb7.png,,Medya: Alt metni yok,2026-09-25 21:29:20.566836,2026-09-25 22:33:57.723509,10,,,0,SEO Editor,,Görsel meta verisi eksik/uyumsuz (medya SEO denetimi),Medya Kütüphanesi → SEO sekmesinden alt/başlık/optimizasyon düzelt,"{""_key"": ""media:MISSING_ALT"", ""detail"": """", ""score"": 42}"
po7mudvhhf,media,content,MEDIA_MISSING_DIMENSIONS,error,open,http://tradehub.localhost:8000/files/ba/ba15d2770f1dd57cdb08daf2d3f6a195.png,/files/ba/ba15d2770f1dd57cdb08daf2d3f6a195.png,,Medya: Çözünürlük bilinmiyor — sayfada yanlış yer ayrılıyor (CLS),2026-09-25 21:29:20.566836,2026-09-25 22:33:57.723509,10,,,0,SEO Editor,,Görsel meta verisi eksik/uyumsuz (medya SEO denetimi),Medya Kütüphanesi → SEO sekmesinden alt/başlık/optimizasyon düzelt,"{""_key"": ""media:MISSING_DIMENSIONS"", ""detail"": """", ""score"": 44}"
po4gcet08u,notfound_log,technical,NOTFOUND_LOG_HIT,error,open,http://tradehub.localhost:8000/eski-urun-sayfasi,/eski-urun-sayfasi,,404 günlüğü: 27 istek,2026-09-25 21:29:20.483137,2026-09-25 22:33:57.646454,18,,,0,SEO Manager,,Silinmiş/taşınmış route hâlâ isteniyor (site içi bağlantı ya da dış kaynak),"Hedef biliniyorsa 301 tanımla (SEO 404 Kayıtları → yönlendirme), yoksa sitemap/bağlantıyı düşür","{""_key"": ""404log"", ""hits"": 27, ""first_seen_at"": """", ""last_hit_at"": ""2026-09-25 21:28:35.405805"", ""last_referer"": ""https://www.google.com/"", ""log"": ""pa2o1rbghh""}"
v0856i2nd1,crawler,technical,HTTP_404,error,open,http://tradehub.localhost:8000/m663ui-sayfa,/m663ui-sayfa,,Sayfa yok (404),2026-09-25 22:32:55.134581,2026-09-25 22:33:13.482594,2,v1tgnpu4v1,,0,SEO Manager,,Route silinmiş/yayından kalkmış ama hâlâ isteniyor,301 yönlendirme tanımla ya da sitemap'ten düşür,"{""_key"": ""404"", ""status"": 404}"
v5u7qajla6,crawler,technical,HTTP_404,error,open,http://tradehub.localhost:8000/seo-helper-yok-pfnxw,/seo-helper-yok-pfnxw,,Sayfa yok (404),2026-09-25 22:33:13.482594,2026-09-25 22:33:13.482594,1,v1tgnpu4v1,,0,SEO Manager,,Route silinmiş/yayından kalkmış ama hâlâ isteniyor,301 yönlendirme tanımla ya da sitemap'ten düşür,"{""_key"": ""404"", ""status"": 404}"
v5uhmv8t80,crawler,technical,HTTP_404,error,open,http://tradehub.localhost:8000/m663ui-iyi,/m663ui-iyi,,Sayfa yok (404),2026-09-25 22:33:13.482594,2026-09-25 22:33:13.482594,1,v1tgnpu4v1,,0,SEO Manager,,Route silinmiş/yayından kalkmış ama hâlâ isteniyor,301 yönlendirme tanımla ya da sitemap'ten düşür,"{""_key"": ""404"", ""status"": 404}"
v5virj3ens,crawler,technical,HTTP_404,error,open,http://tradehub.localhost:8000/yok-boyle-bir-sayfa-pfnxw,/yok-boyle-bir-sayfa-pfnxw,,Sayfa yok (404),2026-09-25 22:33:13.482594,2026-09-25 22:33:13.482594,1,v1tgnpu4v1,,0,SEO Manager,,Route silinmiş/yayından kalkmış ama hâlâ isteniyor,301 yönlendirme tanımla ya da sitemap'ten düşür,"{""_key"": ""404"", ""status"": 404}"
v07lverm8f,crawler,technical,ROBOTS_TXT_UNPARSEABLE,error,open,http://tradehub.localhost:8000/robots.txt,/robots.txt,,robots.txt okunamadı ya da ham şablon döndü (render edilmemiş),2026-09-25 22:32:55.110367,2026-09-25 22:33:13.471674,2,v1tgnpu4v1,,0,SEO Manager,,robots.txt uç noktası hata veriyor ya da şablon bağlamı boş ({{ robots_txt }}),robots.txt üretimini (tradehub_core.seo.robots_generator) ve www şablonunu kontrol et,"{""_key"": ""robots_txt"", ""host"": ""http://tradehub.localhost:8000""}"
v071i9sbhd,crawler,technical,HTTP_404,error,open,http://tradehub.localhost:8000/urun/cift-baskili-mermer-desen-5-li-kare-banyo-krom,/urun/cift-baskili-mermer-desen-5-li-kare-banyo-krom,,Sayfa yok (404),2026-09-25 22:32:55.134581,2026-09-25 22:32:55.134581,1,uv0r2gdfb7,,0,SEO Manager,,Route silinmiş/yayından kalkmış ama hâlâ isteniyor,301 yönlendirme tanımla ya da sitemap'ten düşür,"{""_key"": ""404"", ""status"": 404}"
v07h1k3fim,crawler,technical,HTTP_404,error,open,http://tradehub.localhost:8000/urun/ikili-sivi-sabunluk-cizgili,/urun/ikili-sivi-sabunluk-cizgili,,Sayfa yok (404),2026-09-25 22:32:55.134581,2026-09-25 22:32:55.134581,1,uv0r2gdfb7,,0,SEO Manager,,Route silinmiş/yayından kalkmış ama hâlâ isteniyor,301 yönlendirme tanımla ya da sitemap'ten düşür,"{""_key"": ""404"", ""status"": 404}"
v07ih9khju,crawler,technical,HTTP_404,error,open,http://tradehub.localhost:8000/x,/x,,Sayfa yok (404),2026-09-25 22:32:55.134581,2026-09-25 22:32:55.134581,1,uv0r2gdfb7,,0,SEO Manager,,Route silinmiş/yayından kalkmış ama hâlâ isteniyor,301 yönlendirme tanımla ya da sitemap'ten düşür,"{""_key"": ""404"", ""status"": 404}"
v07jme5jg7,crawler,technical,HTTP_404,error,open,http://tradehub.localhost:8000/urun/cift-baskili-mermer-desen-5-li-kare-banyo-seti-renkli,/urun/cift-baskili-mermer-desen-5-li-kare-banyo-seti-renkli,,Sayfa yok (404),2026-09-25 22:32:55.134581,2026-09-25 22:32:55.134581,1,uv0r2gdfb7,,0,SEO Manager,,Route silinmiş/yayından kalkmış ama hâlâ isteniyor,301 yönlendirme tanımla ya da sitemap'ten düşür,"{""_key"": ""404"", ""status"": 404}"
v07lfp8p8d,crawler,technical,HTTP_404,error,open,http://tradehub.localhost:8000/y,/y,,Sayfa yok (404),2026-09-25 22:32:55.134581,2026-09-25 22:32:55.134581,1,uv0r2gdfb7,,0,SEO Manager,,Route silinmiş/yayından kalkmış ama hâlâ isteniyor,301 yönlendirme tanımla ya da sitemap'ten düşür,"{""_key"": ""404"", ""status"": 404}"
v07m9qk6tr,crawler,technical,HTTP_404,error,open,http://tradehub.localhost:8000/urun/yepyeni-32gb-ddr5-5600mhz-pc5-44800-ecc-kayitli-rdimm-bellek-m321r4ga3pb0-cwm-servis-icin,/urun/yepyeni-32gb-ddr5-5600mhz-pc5-44800-ecc-kayitli-rdimm-bellek-m321r4ga3pb0-cwm-servis-icin,,Sayfa yok (404),2026-09-25 22:32:55.134581,2026-09-25 22:32:55.134581,1,uv0r2gdfb7,,0,SEO Manager,,Route silinmiş/yayından kalkmış ama hâlâ isteniyor,301 yönlendirme tanımla ya da sitemap'ten düşür,"{""_key"": ""404"", ""status"": 404}"
v07ns42irk,crawler,technical,HTTP_404,error,open,http://tradehub.localhost:8000/urun/lux-5-li-yuvarlak-banyo-seti,/urun/lux-5-li-yuvarlak-banyo-seti,,Sayfa yok (404),2026-09-25 22:32:55.134581,2026-09-25 22:32:55.134581,1,uv0r2gdfb7,,0,SEO Manager,,Route silinmiş/yayından kalkmış ama hâlâ isteniyor,301 yönlendirme tanımla ya da sitemap'ten düşür,"{""_key"": ""404"", ""status"": 404}"
v07nuvtkcd,crawler,technical,HTTP_404,error,open,http://tradehub.localhost:8000/urun/cift-baskili-5-li-kare-banyo-seti,/urun/cift-baskili-5-li-kare-banyo-seti,,Sayfa yok (404),2026-09-25 22:32:55.134581,2026-09-25 22:32:55.134581,1,uv0r2gdfb7,,0,SEO Manager,,Route silinmiş/yayından kalkmış ama hâlâ isteniyor,301 yönlendirme tanımla ya da sitemap'ten düşür,"{""_key"": ""404"", ""status"": 404}"
v07pb40g39,crawler,technical,HTTP_404,error,open,http://tradehub.localhost:8000/urun/cift-baskili-mermer-desen-5-li-yuvarlak-banyo-seti,/urun/cift-baskili-mermer-desen-5-li-yuvarlak-banyo-seti,,Sayfa yok (404),2026-09-25 22:32:55.134581,2026-09-25 22:32:55.134581,1,uv0r2gdfb7,,0,SEO Manager,,Route silinmiş/yayından kalkmış ama hâlâ isteniyor,301 yönlendirme tanımla ya da sitemap'ten düşür,"{""_key"": ""404"", ""status"": 404}"
v07q054hvh,crawler,technical,HTTP_404,error,open,http://tradehub.localhost:8000/urun/avangart-5-li-yuvarlak-banyo-seti,/urun/avangart-5-li-yuvarlak-banyo-seti,,Sayfa yok (404),2026-09-25 22:32:55.134581,2026-09-25 22:32:55.134581,1,uv0r2gdfb7,,0,SEO Manager,,Route silinmiş/yayından kalkmış ama hâlâ isteniyor,301 yönlendirme tanımla ya da sitemap'ten düşür,"{""_key"": ""404"", ""status"": 404}"
v07r02rvfp,crawler,technical,HTTP_404,error,open,http://tradehub.localhost:8000/urun/hazneli-sivi-sabunluk-cizgili,/urun/hazneli-sivi-sabunluk-cizgili,,Sayfa yok (404),2026-09-25 22:32:55.134581,2026-09-25 22:32:55.134581,1,uv0r2gdfb7,,0,SEO Manager,,Route silinmiş/yayından kalkmış ama hâlâ isteniyor,301 yönlendirme tanımla ya da sitemap'ten düşür,"{""_key"": ""404"", ""status"": 404}"
v07reanbsn,crawler,technical,HTTP_404,error,open,http://tradehub.localhost:8000/urun/cift-baskili-5-li-yuvarlak-banyo-seti,/urun/cift-baskili-5-li-yuvarlak-banyo-seti,,Sayfa yok (404),2026-09-25 22:32:55.134581,2026-09-25 22:32:55.134581,1,uv0r2gdfb7,,0,SEO Manager,,Route silinmiş/yayından kalkmış ama hâlâ isteniyor,301 yönlendirme tanımla ya da sitemap'ten düşür,"{""_key"": ""404"", ""status"": 404}"
v07vfhjt15,crawler,technical,HTTP_404,error,open,http://tradehub.localhost:8000/urun/supersand-elek-zimpara,/urun/supersand-elek-zimpara,,Sayfa yok (404),2026-09-25 22:32:55.134581,2026-09-25 22:32:55.134581,1,uv0r2gdfb7,,0,SEO Manager,,Route silinmiş/yayından kalkmış ama hâlâ isteniyor,301 yönlendirme tanımla ya da sitemap'ten düşür,"{""_key"": ""404"", ""status"": 404}"
umgkdcdvur,crawler,content,TITLE_MISSING,error,open,http://127.0.0.1:8765/e4-notitle-x1,/e4-notitle-x1,,Başlık yok,2026-09-25 22:32:24.001010,2026-09-25 22:32:24.001010,1,ulceunvg9g,,0,SEO Editor,,Sayfa başlığı boş,Betimleyici başlık yaz,"{""_key"": ""title""}"
umgkeb5g6u,crawler,technical,HTTP_404,error,open,http://127.0.0.1:8765/e4-404-x1,/e4-404-x1,,Sayfa yok (404),2026-09-25 22:32:24.001010,2026-09-25 22:32:24.001010,1,ulceunvg9g,,0,SEO Manager,,Route silinmiş/yayından kalkmış ama hâlâ isteniyor,301 yönlendirme tanımla ya da sitemap'ten düşür,"{""_key"": ""404"", ""status"": 404}"
umgosmgqon,crawler,technical,HTTP_5XX,error,open,http://127.0.0.1:8765/e4-500-x1,/e4-500-x1,,Sunucu hatası 500,2026-09-25 22:32:24.001010,2026-09-25 22:32:24.001010,1,ulceunvg9g,,0,SEO Manager,,Uygulama/sunucu hatası,Error Log'u incele; sayfa botlara da 5xx dönüyor olabilir,"{""_key"": ""5xx"", ""status"": 500}"
ot85rbhrda,log,technical,BOT_BLOCKED,error,open,http://tradehub.localhost:8000/pnl-8pitd,/pnl-8pitd,,bingbot 403 aldı (1 istek),2026-09-25 22:22:31.161213,2026-09-25 22:22:31.161213,1,,,0,SEO Manager,,Sunucu/WAF/hız sınırı botu engelliyor ya da sayfa yetki istiyor,Engel kuralını ve sayfanın indekslenebilirliğini kontrol et,"{""_key"": ""botblock:bingbot:403"", ""bot"": ""bingbot"", ""status"": 403, ""hits"": 1, ""last_day"": ""2026-09-21""}"
l9vjhcr641,crawler,technical,HTTP_5XX,error,open,http://tradehub.localhost:8000/shc-sec-benim-x1,/shc-sec-benim-x1,M665UI,sec,2026-09-25 22:16:22.369013,2026-09-25 22:18:19.913604,3,,,0,SEO Manager,,x,y,"{""_key"": ""5xx""}"
l9v7rkncb9,crawler,technical,HTTP_5XX,error,open,http://tradehub.localhost:8000/shc-sec-diger-x1,/shc-sec-diger-x1,8ce207e914,sec,2026-09-25 22:16:22.325109,2026-09-25 22:18:19.896614,3,,,0,SEO Manager,,x,y,"{""_key"": ""5xx""}"
672iq90s46,crawler,technical,HTTP_404,error,open,http://tradehub.localhost:8000/yok-boyle-bir-sayfa-0eq7b,/yok-boyle-bir-sayfa-0eq7b,,Sayfa yok (404),2026-09-25 21:50:37.008770,2026-09-25 21:50:37.008770,1,5okdagmdv3,,0,SEO Manager,,Route silinmiş/yayından kalkmış ama hâlâ isteniyor,301 yönlendirme tanımla ya da sitemap'ten düşür,"{""_key"": ""404"", ""status"": 404}"
672qejlpn4,crawler,technical,HTTP_404,error,open,http://tradehub.localhost:8000/seo-helper-yok-0eq7b,/seo-helper-yok-0eq7b,,Sayfa yok (404),2026-09-25 21:50:37.008770,2026-09-25 21:50:37.008770,1,5okdagmdv3,,0,SEO Manager,,Route silinmiş/yayından kalkmış ama hâlâ isteniyor,301 yönlendirme tanımla ya da sitemap'ten düşür,"{""_key"": ""404"", ""status"": 404}"
523dhjqd2u,log,technical,BOT_BLOCKED,error,open,http://tradehub.localhost:8000/pnl-39iw5,/pnl-39iw5,,bingbot 403 aldı (1 istek),2026-09-25 21:48:38.779253,2026-09-25 21:48:45.468973,2,,,0,SEO Manager,,Sunucu/WAF/hız sınırı botu engelliyor ya da sayfa yetki istiyor,Engel kuralını ve sayfanın indekslenebilirliğini kontrol et,"{""_key"": ""botblock:bingbot:403"", ""bot"": ""bingbot"", ""status"": 403, ""hits"": 1, ""last_day"": ""2026-09-21""}"
3rg777447d,crawler,technical,HTTP_404,error,open,http://tradehub.localhost:8000/yok-boyle-bir-sayfa-39iw5,/yok-boyle-bir-sayfa-39iw5,,Sayfa yok (404),2026-09-25 21:46:35.211396,2026-09-25 21:46:35.211396,1,3ma2g85i6o,,0,SEO Manager,,Route silinmiş/yayından kalkmış ama hâlâ isteniyor,301 yönlendirme tanımla ya da sitemap'ten düşür,"{""_key"": ""404"", ""status"": 404}"
3rgtuege7h,crawler,technical,HTTP_404,error,open,http://tradehub.localhost:8000/seo-helper-yok-39iw5,/seo-helper-yok-39iw5,,Sayfa yok (404),2026-09-25 21:46:35.211396,2026-09-25 21:46:35.211396,1,3ma2g85i6o,,0,SEO Manager,,Route silinmiş/yayından kalkmış ama hâlâ isteniyor,301 yönlendirme tanımla ya da sitemap'ten düşür,"{""_key"": ""404"", ""status"": 404}"
po587skh1u,media,content,MEDIA_DUPLICATE_ASSET,warning,open,http://tradehub.localhost:8000/files/rr-plan-c30e5f0e.jpg,/files/rr-plan-c30e5f0e.jpg,,Medya: Aynı delivery URL birden fazla File kaydında,2026-09-25 21:29:20.566836,2026-09-25 22:33:57.723509,10,,,0,SEO Editor,,Görsel meta verisi eksik/uyumsuz (medya SEO denetimi),Medya Kütüphanesi → SEO sekmesinden alt/başlık/optimizasyon düzelt,"{""_key"": ""media:DUPLICATE_ASSET"", ""detail"": ""2"", ""score"": 42}"
po5ad8pse4,media,content,MEDIA_MISSING_CAPTION,warning,open,http://tradehub.localhost:8000/files/rr-plan-c30e5f0e.jpg,/files/rr-plan-c30e5f0e.jpg,,Medya: Altyazı yok,2026-09-25 21:29:20.566836,2026-09-25 22:33:57.723509,10,,,0,SEO Editor,,Görsel meta verisi eksik/uyumsuz (medya SEO denetimi),Medya Kütüphanesi → SEO sekmesinden alt/başlık/optimizasyon düzelt,"{""_key"": ""media:MISSING_CAPTION"", ""detail"": """", ""score"": 42}"
po5arfd39l,media,content,MEDIA_MISSING_STRUCTURED_DATA,warning,open,http://tradehub.localhost:8000/files/rr-plan-c30e5f0e.jpg,/files/rr-plan-c30e5f0e.jpg,,Medya: Anlamlı ImageObject üretmek için metadata yok,2026-09-25 21:29:20.566836,2026-09-25 22:33:57.723509,10,,,0,SEO Editor,,Görsel meta verisi eksik/uyumsuz (medya SEO denetimi),Medya Kütüphanesi → SEO sekmesinden alt/başlık/optimizasyon düzelt,"{""_key"": ""media:MISSING_STRUCTURED_DATA"", ""detail"": """", ""score"": 42}"
po5cgm373h,media,content,MEDIA_MISSING_TITLE,warning,open,http://tradehub.localhost:8000/files/rr-plan-fb86b075.jpg,/files/rr-plan-fb86b075.jpg,,Medya: Başlık yok,2026-09-25 21:29:20.566836,2026-09-25 22:33:57.723509,10,,,0,SEO Editor,,Görsel meta verisi eksik/uyumsuz (medya SEO denetimi),Medya Kütüphanesi → SEO sekmesinden alt/başlık/optimizasyon düzelt,"{""_key"": ""media:MISSING_TITLE"", ""detail"": """", ""score"": 42}"
po5f7vmcrj,media,content,MEDIA_MISSING_ASSOCIATION,warning,open,http://tradehub.localhost:8000/files/rr-plan-c30e5f0e.jpg,/files/rr-plan-c30e5f0e.jpg,,Medya: Asset bir ürün veya kategori bağlamına bağlı değil,2026-09-25 21:29:20.566836,2026-09-25 22:33:57.723509,10,,,0,SEO Editor,,Görsel meta verisi eksik/uyumsuz (medya SEO denetimi),Medya Kütüphanesi → SEO sekmesinden alt/başlık/optimizasyon düzelt,"{""_key"": ""media:MISSING_ASSOCIATION"", ""detail"": """", ""score"": 42}"
po5r6rhm4g,media,content,MEDIA_MISSING_CAPTION,warning,open,http://tradehub.localhost:8000/files/rr-plan-fb86b075.jpg,/files/rr-plan-fb86b075.jpg,,Medya: Altyazı yok,2026-09-25 21:29:20.566836,2026-09-25 22:33:57.723509,10,,,0,SEO Editor,,Görsel meta verisi eksik/uyumsuz (medya SEO denetimi),Medya Kütüphanesi → SEO sekmesinden alt/başlık/optimizasyon düzelt,"{""_key"": ""media:MISSING_CAPTION"", ""detail"": """", ""score"": 42}"
po5ujj0mi2,media,content,MEDIA_MISSING_LICENSE,warning,open,http://tradehub.localhost:8000/files/rr-plan-c30e5f0e.jpg,/files/rr-plan-c30e5f0e.jpg,,Medya: Lisans/telif bilgisi yok,2026-09-25 21:29:20.566836,2026-09-25 22:33:57.723509,10,,,0,SEO Editor,,Görsel meta verisi eksik/uyumsuz (medya SEO denetimi),Medya Kütüphanesi → SEO sekmesinden alt/başlık/optimizasyon düzelt,"{""_key"": ""media:MISSING_LICENSE"", ""detail"": """", ""score"": 42}"
po5uns75ch,media,content,MEDIA_MISSING_TITLE,warning,open,http://tradehub.localhost:8000/files/rr-plan-c30e5f0e.jpg,/files/rr-plan-c30e5f0e.jpg,,Medya: Başlık yok,2026-09-25 21:29:20.566836,2026-09-25 22:33:57.723509,10,,,0,SEO Editor,,Görsel meta verisi eksik/uyumsuz (medya SEO denetimi),Medya Kütüphanesi → SEO sekmesinden alt/başlık/optimizasyon düzelt,"{""_key"": ""media:MISSING_TITLE"", ""detail"": """", ""score"": 42}"
po6059pnn6,media,content,MEDIA_MISSING_STRUCTURED_DATA,warning,open,http://tradehub.localhost:8000/files/rr-plan-ad2a5026.jpg,/files/rr-plan-ad2a5026.jpg,,Medya: Anlamlı ImageObject üretmek için metadata yok,2026-09-25 21:29:20.566836,2026-09-25 22:33:57.723509,10,,,0,SEO Editor,,Görsel meta verisi eksik/uyumsuz (medya SEO denetimi),Medya Kütüphanesi → SEO sekmesinden alt/başlık/optimizasyon düzelt,"{""_key"": ""media:MISSING_STRUCTURED_DATA"", ""detail"": """", ""score"": 42}"
po60pln8t3,media,content,MEDIA_DUPLICATE_ASSET,warning,open,http://tradehub.localhost:8000/files/rr-plan-fb86b075.jpg,/files/rr-plan-fb86b075.jpg,,Medya: Aynı delivery URL birden fazla File kaydında,2026-09-25 21:29:20.566836,2026-09-25 22:33:57.723509,10,,,0,SEO Editor,,Görsel meta verisi eksik/uyumsuz (medya SEO denetimi),Medya Kütüphanesi → SEO sekmesinden alt/başlık/optimizasyon düzelt,"{""_key"": ""media:DUPLICATE_ASSET"", ""detail"": ""2"", ""score"": 42}"
po60q65rbc,media,content,MEDIA_MISSING_CAPTION,warning,open,http://tradehub.localhost:8000/files/rr-plan-fe8b6ffe.jpg,/files/rr-plan-fe8b6ffe.jpg,,Medya: Altyazı yok,2026-09-25 21:29:20.566836,2026-09-25 22:33:57.723509,10,,,0,SEO Editor,,Görsel meta verisi eksik/uyumsuz (medya SEO denetimi),Medya Kütüphanesi → SEO sekmesinden alt/başlık/optimizasyon düzelt,"{""_key"": ""media:MISSING_CAPTION"", ""detail"": """", ""score"": 42}"
po60u2cf9r,media,content,MEDIA_MISSING_STRUCTURED_DATA,warning,open,http://tradehub.localhost:8000/files/rr-plan-fe8b6ffe.jpg,/files/rr-plan-fe8b6ffe.jpg,,Medya: Anlamlı ImageObject üretmek için metadata yok,2026-09-25 21:29:20.566836,2026-09-25 22:33:57.723509,10,,,0,SEO Editor,,Görsel meta verisi eksik/uyumsuz (medya SEO denetimi),Medya Kütüphanesi → SEO sekmesinden alt/başlık/optimizasyon düzelt,"{""_key"": ""media:MISSING_STRUCTURED_DATA"", ""detail"": """", ""score"": 42}"
po612hd7n4,media,content,MEDIA_MISSING_ASSOCIATION,warning,open,http://tradehub.localhost:8000/files/rr-plan-ad2a5026.jpg,/files/rr-plan-ad2a5026.jpg,,Medya: Asset bir ürün veya kategori bağlamına bağlı değil,2026-09-25 21:29:20.566836,2026-09-25 22:33:57.723509,10,,,0,SEO Editor,,Görsel meta verisi eksik/uyumsuz (medya SEO denetimi),Medya Kütüphanesi → SEO sekmesinden alt/başlık/optimizasyon düzelt,"{""_key"": ""media:MISSING_ASSOCIATION"", ""detail"": """", ""score"": 42}"
po61f5bpda,media,content,MEDIA_MISSING_ASSOCIATION,warning,open,http://tradehub.localhost:8000/files/rr-plan-fb86b075.jpg,/files/rr-plan-fb86b075.jpg,,Medya: Asset bir ürün veya kategori bağlamına bağlı değil,2026-09-25 21:29:20.566836,2026-09-25 22:33:57.723509,10,,,0,SEO Editor,,Görsel meta verisi eksik/uyumsuz (medya SEO denetimi),Medya Kütüphanesi → SEO sekmesinden alt/başlık/optimizasyon düzelt,"{""_key"": ""media:MISSING_ASSOCIATION"", ""detail"": """", ""score"": 42}"
po62dea424,media,content,MEDIA_MISSING_LICENSE,warning,open,http://tradehub.localhost:8000/files/rr-plan-1d62588e.jpg,/files/rr-plan-1d62588e.jpg,,Medya: Lisans/telif bilgisi yok,2026-09-25 21:29:20.566836,2026-09-25 22:33:57.723509,10,,,0,SEO Editor,,Görsel meta verisi eksik/uyumsuz (medya SEO denetimi),Medya Kütüphanesi → SEO sekmesinden alt/başlık/optimizasyon düzelt,"{""_key"": ""media:MISSING_LICENSE"", ""detail"": """", ""score"": 42}"
po6370li6f,media,content,MEDIA_MISSING_LICENSE,warning,open,http://tradehub.localhost:8000/files/rr-plan-fe8b6ffe.jpg,/files/rr-plan-fe8b6ffe.jpg,,Medya: Lisans/telif bilgisi yok,2026-09-25 21:29:20.566836,2026-09-25 22:33:57.723509,10,,,0,SEO Editor,,Görsel meta verisi eksik/uyumsuz (medya SEO denetimi),Medya Kütüphanesi → SEO sekmesinden alt/başlık/optimizasyon düzelt,"{""_key"": ""media:MISSING_LICENSE"", ""detail"": """", ""score"": 42}"
po63fuu4md,media,content,MEDIA_MISSING_ASSOCIATION,warning,open,http://tradehub.localhost:8000/files/rr-plan-1d62588e.jpg,/files/rr-plan-1d62588e.jpg,,Medya: Asset bir ürün veya kategori bağlamına bağlı değil,2026-09-25 21:29:20.566836,2026-09-25 22:33:57.723509,10,,,0,SEO Editor,,Görsel meta verisi eksik/uyumsuz (medya SEO denetimi),Medya Kütüphanesi → SEO sekmesinden alt/başlık/optimizasyon düzelt,"{""_key"": ""media:MISSING_ASSOCIATION"", ""detail"": """", ""score"": 42}"
po63s30kms,media,content,MEDIA_MISSING_TITLE,warning,open,http://tradehub.localhost:8000/files/rr-plan-fe8b6ffe.jpg,/files/rr-plan-fe8b6ffe.jpg,,Medya: Başlık yok,2026-09-25 21:29:20.566836,2026-09-25 22:33:57.723509,10,,,0,SEO Editor,,Görsel meta verisi eksik/uyumsuz (medya SEO denetimi),Medya Kütüphanesi → SEO sekmesinden alt/başlık/optimizasyon düzelt,"{""_key"": ""media:MISSING_TITLE"", ""detail"": """", ""score"": 42}"
po64phmn6f,media,content,MEDIA_MISSING_TITLE,warning,open,http://tradehub.localhost:8000/files/RigidRAM-DDR4-DT-UDIMM__13538.jpg,/files/RigidRAM-DDR4-DT-UDIMM__13538.jpg,,Medya: Başlık yok,2026-09-25 21:29:20.566836,2026-09-25 22:33:57.723509,10,,,0,SEO Editor,,Görsel meta verisi eksik/uyumsuz (medya SEO denetimi),Medya Kütüphanesi → SEO sekmesinden alt/başlık/optimizasyon düzelt,"{""_key"": ""media:MISSING_TITLE"", ""detail"": """", ""score"": 68}"
po65f8lk05,media,content,MEDIA_DUPLICATE_ASSET,warning,open,http://tradehub.localhost:8000/files/rr-plan-fe8b6ffe.jpg,/files/rr-plan-fe8b6ffe.jpg,,Medya: Aynı delivery URL birden fazla File kaydında,2026-09-25 21:29:20.566836,2026-09-25 22:33:57.723509,10,,,0,SEO Editor,,Görsel meta verisi eksik/uyumsuz (medya SEO denetimi),Medya Kütüphanesi → SEO sekmesinden alt/başlık/optimizasyon düzelt,"{""_key"": ""media:DUPLICATE_ASSET"", ""detail"": ""2"", ""score"": 42}"
po66gphc6n,media,content,MEDIA_MISSING_TITLE,warning,open,http://tradehub.localhost:8000/files/rr-plan-ad2a5026.jpg,/files/rr-plan-ad2a5026.jpg,,Medya: Başlık yok,2026-09-25 21:29:20.566836,2026-09-25 22:33:57.723509,10,,,0,SEO Editor,,Görsel meta verisi eksik/uyumsuz (medya SEO denetimi),Medya Kütüphanesi → SEO sekmesinden alt/başlık/optimizasyon düzelt,"{""_key"": ""media:MISSING_TITLE"", ""detail"": """", ""score"": 42}"
po6d789kdk,media,content,MEDIA_MISSING_LICENSE,warning,open,http://tradehub.localhost:8000/files/RigidRAM-DDR4-DT-UDIMM__13538.jpg,/files/RigidRAM-DDR4-DT-UDIMM__13538.jpg,,Medya: Lisans/telif bilgisi yok,2026-09-25 21:29:20.566836,2026-09-25 22:33:57.723509,10,,,0,SEO Editor,,Görsel meta verisi eksik/uyumsuz (medya SEO denetimi),Medya Kütüphanesi → SEO sekmesinden alt/başlık/optimizasyon düzelt,"{""_key"": ""media:MISSING_LICENSE"", ""detail"": """", ""score"": 68}"
po6d9tleis,media,content,MEDIA_SUSPICIOUS_ALT,warning,open,http://tradehub.localhost:8000/files/RigidRAM-DDR4-DT-UDIMM__13538.jpg,/files/RigidRAM-DDR4-DT-UDIMM__13538.jpg,,Medya: Alt metninde parantezli gürültü var,2026-09-25 21:29:20.566836,2026-09-25 22:33:57.723509,10,,,0,SEO Editor,,Görsel meta verisi eksik/uyumsuz (medya SEO denetimi),Medya Kütüphanesi → SEO sekmesinden alt/başlık/optimizasyon düzelt,"{""_key"": ""media:SUSPICIOUS_ALT"", ""detail"": ""Yepyeni 32GB DDR5 5600MHz PC5-44800 ECC Kayıtlı RDIMM Bellek"", ""score"": 68}"
po6egb5l5g,media,content,MEDIA_MISSING_STRUCTURED_DATA,warning,open,http://tradehub.localhost:8000/files/rr-plan-1d62588e.jpg,/files/rr-plan-1d62588e.jpg,,Medya: Anlamlı ImageObject üretmek için metadata yok,2026-09-25 21:29:20.566836,2026-09-25 22:33:57.723509,10,,,0,SEO Editor,,Görsel meta verisi eksik/uyumsuz (medya SEO denetimi),Medya Kütüphanesi → SEO sekmesinden alt/başlık/optimizasyon düzelt,"{""_key"": ""media:MISSING_STRUCTURED_DATA"", ""detail"": """", ""score"": 42}"
po6fcpl36v,media,content,MEDIA_MISSING_ASSOCIATION,warning,open,http://tradehub.localhost:8000/files/rr-plan-fe8b6ffe.jpg,/files/rr-plan-fe8b6ffe.jpg,,Medya: Asset bir ürün veya kategori bağlamına bağlı değil,2026-09-25 21:29:20.566836,2026-09-25 22:33:57.723509,10,,,0,SEO Editor,,Görsel meta verisi eksik/uyumsuz (medya SEO denetimi),Medya Kütüphanesi → SEO sekmesinden alt/başlık/optimizasyon düzelt,"{""_key"": ""media:MISSING_ASSOCIATION"", ""detail"": """", ""score"": 42}"
po6hvt5dtk,media,content,MEDIA_MISSING_ASSOCIATION,warning,open,http://tradehub.localhost:8000/files/54/54f282a8010a71910344fe313722ede7.png,/files/54/54f282a8010a71910344fe313722ede7.png,,Medya: Asset bir ürün veya kategori bağlamına bağlı değil,2026-09-25 21:29:20.566836,2026-09-25 22:33:57.723509,10,,,0,SEO Editor,,Görsel meta verisi eksik/uyumsuz (medya SEO denetimi),Medya Kütüphanesi → SEO sekmesinden alt/başlık/optimizasyon düzelt,"{""_key"": ""media:MISSING_ASSOCIATION"", ""detail"": """", ""score"": 44}"
po6jusqa76,media,content,MEDIA_MISSING_TITLE,warning,open,http://tradehub.localhost:8000/files/54/54f282a8010a71910344fe313722ede7.png,/files/54/54f282a8010a71910344fe313722ede7.png,,Medya: Başlık yok,2026-09-25 21:29:20.566836,2026-09-25 22:33:57.723509,10,,,0,SEO Editor,,Görsel meta verisi eksik/uyumsuz (medya SEO denetimi),Medya Kütüphanesi → SEO sekmesinden alt/başlık/optimizasyon düzelt,"{""_key"": ""media:MISSING_TITLE"", ""detail"": """", ""score"": 44}"
po6l26vefg,media,content,MEDIA_MISSING_CAPTION,warning,open,http://tradehub.localhost:8000/files/rr-plan-ad2a5026.jpg,/files/rr-plan-ad2a5026.jpg,,Medya: Altyazı yok,2026-09-25 21:29:20.566836,2026-09-25 22:33:57.723509,10,,,0,SEO Editor,,Görsel meta verisi eksik/uyumsuz (medya SEO denetimi),Medya Kütüphanesi → SEO sekmesinden alt/başlık/optimizasyon düzelt,"{""_key"": ""media:MISSING_CAPTION"", ""detail"": """", ""score"": 42}"
po6lfj1mfi,media,content,MEDIA_MISSING_TITLE,warning,open,http://tradehub.localhost:8000/files/rr-plan-1d62588e.jpg,/files/rr-plan-1d62588e.jpg,,Medya: Başlık yok,2026-09-25 21:29:20.566836,2026-09-25 22:33:57.723509,10,,,0,SEO Editor,,Görsel meta verisi eksik/uyumsuz (medya SEO denetimi),Medya Kütüphanesi → SEO sekmesinden alt/başlık/optimizasyon düzelt,"{""_key"": ""media:MISSING_TITLE"", ""detail"": """", ""score"": 42}"
po6lmgs4c3,media,content,MEDIA_MISSING_LICENSE,warning,open,http://tradehub.localhost:8000/files/54/54f282a8010a71910344fe313722ede7.png,/files/54/54f282a8010a71910344fe313722ede7.png,,Medya: Lisans/telif bilgisi yok,2026-09-25 21:29:20.566836,2026-09-25 22:33:57.723509,10,,,0,SEO Editor,,Görsel meta verisi eksik/uyumsuz (medya SEO denetimi),Medya Kütüphanesi → SEO sekmesinden alt/başlık/optimizasyon düzelt,"{""_key"": ""media:MISSING_LICENSE"", ""detail"": """", ""score"": 44}"
po6lnvhtm8,media,content,MEDIA_DUPLICATE_ASSET,warning,open,http://tradehub.localhost:8000/files/rr-plan-ad2a5026.jpg,/files/rr-plan-ad2a5026.jpg,,Medya: Aynı delivery URL birden fazla File kaydında,2026-09-25 21:29:20.566836,2026-09-25 22:33:57.723509,10,,,0,SEO Editor,,Görsel meta verisi eksik/uyumsuz (medya SEO denetimi),Medya Kütüphanesi → SEO sekmesinden alt/başlık/optimizasyon düzelt,"{""_key"": ""media:DUPLICATE_ASSET"", ""detail"": ""2"", ""score"": 42}"
po6rurcg4h,media,content,MEDIA_MISSING_CAPTION,warning,open,http://tradehub.localhost:8000/files/RigidRAM-DDR4-DT-UDIMM__13538.jpg,/files/RigidRAM-DDR4-DT-UDIMM__13538.jpg,,Medya: Altyazı yok,2026-09-25 21:29:20.566836,2026-09-25 22:33:57.723509,10,,,0,SEO Editor,,Görsel meta verisi eksik/uyumsuz (medya SEO denetimi),Medya Kütüphanesi → SEO sekmesinden alt/başlık/optimizasyon düzelt,"{""_key"": ""media:MISSING_CAPTION"", ""detail"": """", ""score"": 68}"
po6rvv754j,media,content,MEDIA_MISSING_STRUCTURED_DATA,warning,open,http://tradehub.localhost:8000/files/rr-plan-fb86b075.jpg,/files/rr-plan-fb86b075.jpg,,Medya: Anlamlı ImageObject üretmek için metadata yok,2026-09-25 21:29:20.566836,2026-09-25 22:33:57.723509,10,,,0,SEO Editor,,Görsel meta verisi eksik/uyumsuz (medya SEO denetimi),Medya Kütüphanesi → SEO sekmesinden alt/başlık/optimizasyon düzelt,"{""_key"": ""media:MISSING_STRUCTURED_DATA"", ""detail"": """", ""score"": 42}"
po6sdmuiq2,media,content,MEDIA_MISSING_LICENSE,warning,open,http://tradehub.localhost:8000/files/rr-plan-ad2a5026.jpg,/files/rr-plan-ad2a5026.jpg,,Medya: Lisans/telif bilgisi yok,2026-09-25 21:29:20.566836,2026-09-25 22:33:57.723509,10,,,0,SEO Editor,,Görsel meta verisi eksik/uyumsuz (medya SEO denetimi),Medya Kütüphanesi → SEO sekmesinden alt/başlık/optimizasyon düzelt,"{""_key"": ""media:MISSING_LICENSE"", ""detail"": """", ""score"": 42}"
po6soep9a5,media,content,MEDIA_DUPLICATE_ASSET,warning,open,http://tradehub.localhost:8000/files/rr-plan-1d62588e.jpg,/files/rr-plan-1d62588e.jpg,,Medya: Aynı delivery URL birden fazla File kaydında,2026-09-25 21:29:20.566836,2026-09-25 22:33:57.723509,10,,,0,SEO Editor,,Görsel meta verisi eksik/uyumsuz (medya SEO denetimi),Medya Kütüphanesi → SEO sekmesinden alt/başlık/optimizasyon düzelt,"{""_key"": ""media:DUPLICATE_ASSET"", ""detail"": ""2"", ""score"": 42}"
po6ur5mo6o,media,content,MEDIA_MISSING_CAPTION,warning,open,http://tradehub.localhost:8000/files/54/54f282a8010a71910344fe313722ede7.png,/files/54/54f282a8010a71910344fe313722ede7.png,,Medya: Altyazı yok,2026-09-25 21:29:20.566836,2026-09-25 22:33:57.723509,10,,,0,SEO Editor,,Görsel meta verisi eksik/uyumsuz (medya SEO denetimi),Medya Kütüphanesi → SEO sekmesinden alt/başlık/optimizasyon düzelt,"{""_key"": ""media:MISSING_CAPTION"", ""detail"": """", ""score"": 44}"
po6vf7dthb,media,content,MEDIA_MISSING_LICENSE,warning,open,http://tradehub.localhost:8000/files/rr-plan-fb86b075.jpg,/files/rr-plan-fb86b075.jpg,,Medya: Lisans/telif bilgisi yok,2026-09-25 21:29:20.566836,2026-09-25 22:33:57.723509,10,,,0,SEO Editor,,Görsel meta verisi eksik/uyumsuz (medya SEO denetimi),Medya Kütüphanesi → SEO sekmesinden alt/başlık/optimizasyon düzelt,"{""_key"": ""media:MISSING_LICENSE"", ""detail"": """", ""score"": 42}"
po6vso79k9,media,content,MEDIA_MISSING_CAPTION,warning,open,http://tradehub.localhost:8000/files/rr-plan-1d62588e.jpg,/files/rr-plan-1d62588e.jpg,,Medya: Altyazı yok,2026-09-25 21:29:20.566836,2026-09-25 22:33:57.723509,10,,,0,SEO Editor,,Görsel meta verisi eksik/uyumsuz (medya SEO denetimi),Medya Kütüphanesi → SEO sekmesinden alt/başlık/optimizasyon düzelt,"{""_key"": ""media:MISSING_CAPTION"", ""detail"": """", ""score"": 42}"
po707fbb7r,media,content,MEDIA_MISSING_CAPTION,warning,open,http://tradehub.localhost:8000/files/rr-plan-012769c7.jpg,/files/rr-plan-012769c7.jpg,,Medya: Altyazı yok,2026-09-25 21:29:20.566836,2026-09-25 22:33:57.723509,10,,,0,SEO Editor,,Görsel meta verisi eksik/uyumsuz (medya SEO denetimi),Medya Kütüphanesi → SEO sekmesinden alt/başlık/optimizasyon düzelt,"{""_key"": ""media:MISSING_CAPTION"", ""detail"": """", ""score"": 42}"
po70simeg4,media,content,MEDIA_MISSING_LICENSE,warning,open,http://tradehub.localhost:8000/files/62/62bdc12c7014a7a4e64daea06ab5ccb7.png,/files/62/62bdc12c7014a7a4e64daea06ab5ccb7.png,,Medya: Lisans/telif bilgisi yok,2026-09-25 21:29:20.566836,2026-09-25 22:33:57.723509,10,,,0,SEO Editor,,Görsel meta verisi eksik/uyumsuz (medya SEO denetimi),Medya Kütüphanesi → SEO sekmesinden alt/başlık/optimizasyon düzelt,"{""_key"": ""media:MISSING_LICENSE"", ""detail"": """", ""score"": 42}"
po713vh2ai,media,content,MEDIA_MISSING_TITLE,warning,open,http://tradehub.localhost:8000/files/rr-plan-012769c7.jpg,/files/rr-plan-012769c7.jpg,,Medya: Başlık yok,2026-09-25 21:29:20.566836,2026-09-25 22:33:57.723509,10,,,0,SEO Editor,,Görsel meta verisi eksik/uyumsuz (medya SEO denetimi),Medya Kütüphanesi → SEO sekmesinden alt/başlık/optimizasyon düzelt,"{""_key"": ""media:MISSING_TITLE"", ""detail"": """", ""score"": 42}"
po71hvqprm,media,content,MEDIA_MISSING_CAPTION,warning,open,http://tradehub.localhost:8000/files/62/62bdc12c7014a7a4e64daea06ab5ccb7.png,/files/62/62bdc12c7014a7a4e64daea06ab5ccb7.png,,Medya: Altyazı yok,2026-09-25 21:29:20.566836,2026-09-25 22:33:57.723509,10,,,0,SEO Editor,,Görsel meta verisi eksik/uyumsuz (medya SEO denetimi),Medya Kütüphanesi → SEO sekmesinden alt/başlık/optimizasyon düzelt,"{""_key"": ""media:MISSING_CAPTION"", ""detail"": """", ""score"": 42}"
po71kho2j5,media,content,MEDIA_MISSING_LICENSE,warning,open,http://tradehub.localhost:8000/files/ba/ba15d2770f1dd57cdb08daf2d3f6a195.png,/files/ba/ba15d2770f1dd57cdb08daf2d3f6a195.png,,Medya: Lisans/telif bilgisi yok,2026-09-25 21:29:20.566836,2026-09-25 22:33:57.723509,10,,,0,SEO Editor,,Görsel meta verisi eksik/uyumsuz (medya SEO denetimi),Medya Kütüphanesi → SEO sekmesinden alt/başlık/optimizasyon düzelt,"{""_key"": ""media:MISSING_LICENSE"", ""detail"": """", ""score"": 44}"
po72tl8kd7,media,content,MEDIA_MISSING_STRUCTURED_DATA,warning,open,http://tradehub.localhost:8000/files/62/62bdc12c7014a7a4e64daea06ab5ccb7.png,/files/62/62bdc12c7014a7a4e64daea06ab5ccb7.png,,Medya: Anlamlı ImageObject üretmek için metadata yok,2026-09-25 21:29:20.566836,2026-09-25 22:33:57.723509,10,,,0,SEO Editor,,Görsel meta verisi eksik/uyumsuz (medya SEO denetimi),Medya Kütüphanesi → SEO sekmesinden alt/başlık/optimizasyon düzelt,"{""_key"": ""media:MISSING_STRUCTURED_DATA"", ""detail"": """", ""score"": 42}"
po73i411sq,media,content,MEDIA_MISSING_ASSOCIATION,warning,open,http://tradehub.localhost:8000/files/ba/ba15d2770f1dd57cdb08daf2d3f6a195.png,/files/ba/ba15d2770f1dd57cdb08daf2d3f6a195.png,,Medya: Asset bir ürün veya kategori bağlamına bağlı değil,2026-09-25 21:29:20.566836,2026-09-25 22:33:57.723509,10,,,0,SEO Editor,,Görsel meta verisi eksik/uyumsuz (medya SEO denetimi),Medya Kütüphanesi → SEO sekmesinden alt/başlık/optimizasyon düzelt,"{""_key"": ""media:MISSING_ASSOCIATION"", ""detail"": """", ""score"": 44}"
po73n3m2g4,media,content,MEDIA_MISSING_STRUCTURED_DATA,warning,open,http://tradehub.localhost:8000/files/54/54f282a8010a71910344fe313722ede7.png,/files/54/54f282a8010a71910344fe313722ede7.png,,Medya: Anlamlı ImageObject üretmek için metadata yok,2026-09-25 21:29:20.566836,2026-09-25 22:33:57.723509,10,,,0,SEO Editor,,Görsel meta verisi eksik/uyumsuz (medya SEO denetimi),Medya Kütüphanesi → SEO sekmesinden alt/başlık/optimizasyon düzelt,"{""_key"": ""media:MISSING_STRUCTURED_DATA"", ""detail"": """", ""score"": 44}"
po74v4hani,media,content,MEDIA_MISSING_LICENSE,warning,open,http://tradehub.localhost:8000/files/20/20f1894e20242daead665f2e0d6b76ae.png,/files/20/20f1894e20242daead665f2e0d6b76ae.png,,Medya: Lisans/telif bilgisi yok,2026-09-25 21:29:20.566836,2026-09-25 22:33:57.723509,10,,,0,SEO Editor,,Görsel meta verisi eksik/uyumsuz (medya SEO denetimi),Medya Kütüphanesi → SEO sekmesinden alt/başlık/optimizasyon düzelt,"{""_key"": ""media:MISSING_LICENSE"", ""detail"": """", ""score"": 42}"
po75kru53h,media,content,MEDIA_MISSING_LICENSE,warning,open,http://tradehub.localhost:8000/files/rr-plan-012769c7.jpg,/files/rr-plan-012769c7.jpg,,Medya: Lisans/telif bilgisi yok,2026-09-25 21:29:20.566836,2026-09-25 22:33:57.723509,10,,,0,SEO Editor,,Görsel meta verisi eksik/uyumsuz (medya SEO denetimi),Medya Kütüphanesi → SEO sekmesinden alt/başlık/optimizasyon düzelt,"{""_key"": ""media:MISSING_LICENSE"", ""detail"": """", ""score"": 42}"
po75rj2ogn,media,content,MEDIA_MISSING_CAPTION,warning,open,http://tradehub.localhost:8000/files/ba/ba15d2770f1dd57cdb08daf2d3f6a195.png,/files/ba/ba15d2770f1dd57cdb08daf2d3f6a195.png,,Medya: Altyazı yok,2026-09-25 21:29:20.566836,2026-09-25 22:33:57.723509,10,,,0,SEO Editor,,Görsel meta verisi eksik/uyumsuz (medya SEO denetimi),Medya Kütüphanesi → SEO sekmesinden alt/başlık/optimizasyon düzelt,"{""_key"": ""media:MISSING_CAPTION"", ""detail"": """", ""score"": 44}"
po77k24v7d,media,content,MEDIA_DUPLICATE_ASSET,warning,open,http://tradehub.localhost:8000/files/20/20f1894e20242daead665f2e0d6b76ae.png,/files/20/20f1894e20242daead665f2e0d6b76ae.png,,Medya: Aynı delivery URL birden fazla File kaydında,2026-09-25 21:29:20.566836,2026-09-25 22:33:57.723509,10,,,0,SEO Editor,,Görsel meta verisi eksik/uyumsuz (medya SEO denetimi),Medya Kütüphanesi → SEO sekmesinden alt/başlık/optimizasyon düzelt,"{""_key"": ""media:DUPLICATE_ASSET"", ""detail"": ""5"", ""score"": 42}"
po79v9imk7,media,content,MEDIA_MISSING_STRUCTURED_DATA,warning,open,http://tradehub.localhost:8000/files/ba/ba15d2770f1dd57cdb08daf2d3f6a195.png,/files/ba/ba15d2770f1dd57cdb08daf2d3f6a195.png,,Medya: Anlamlı ImageObject üretmek için metadata yok,2026-09-25 21:29:20.566836,2026-09-25 22:33:57.723509,10,,,0,SEO Editor,,Görsel meta verisi eksik/uyumsuz (medya SEO denetimi),Medya Kütüphanesi → SEO sekmesinden alt/başlık/optimizasyon düzelt,"{""_key"": ""media:MISSING_STRUCTURED_DATA"", ""detail"": """", ""score"": 44}"
po7a9s9r1o,media,content,MEDIA_MISSING_ASSOCIATION,warning,open,http://tradehub.localhost:8000/files/20/20f1894e20242daead665f2e0d6b76ae.png,/files/20/20f1894e20242daead665f2e0d6b76ae.png,,Medya: Asset bir ürün veya kategori bağlamına bağlı değil,2026-09-25 21:29:20.566836,2026-09-25 22:33:57.723509,10,,,0,SEO Editor,,Görsel meta verisi eksik/uyumsuz (medya SEO denetimi),Medya Kütüphanesi → SEO sekmesinden alt/başlık/optimizasyon düzelt,"{""_key"": ""media:MISSING_ASSOCIATION"", ""detail"": """", ""score"": 42}"
po7crii1la,media,content,MEDIA_MISSING_STRUCTURED_DATA,warning,open,http://tradehub.localhost:8000/files/20/20f1894e20242daead665f2e0d6b76ae.png,/files/20/20f1894e20242daead665f2e0d6b76ae.png,,Medya: Anlamlı ImageObject üretmek için metadata yok,2026-09-25 21:29:20.566836,2026-09-25 22:33:57.723509,10,,,0,SEO Editor,,Görsel meta verisi eksik/uyumsuz (medya SEO denetimi),Medya Kütüphanesi → SEO sekmesinden alt/başlık/optimizasyon düzelt,"{""_key"": ""media:MISSING_STRUCTURED_DATA"", ""detail"": """", ""score"": 42}"
po7i68f64g,media,content,MEDIA_MISSING_TITLE,warning,open,http://tradehub.localhost:8000/files/62/62bdc12c7014a7a4e64daea06ab5ccb7.png,/files/62/62bdc12c7014a7a4e64daea06ab5ccb7.png,,Medya: Başlık yok,2026-09-25 21:29:20.566836,2026-09-25 22:33:57.723509,10,,,0,SEO Editor,,Görsel meta verisi eksik/uyumsuz (medya SEO denetimi),Medya Kütüphanesi → SEO sekmesinden alt/başlık/optimizasyon düzelt,"{""_key"": ""media:MISSING_TITLE"", ""detail"": """", ""score"": 42}"
po7iau7ovk,media,content,MEDIA_MISSING_TITLE,warning,open,http://tradehub.localhost:8000/files/ba/ba15d2770f1dd57cdb08daf2d3f6a195.png,/files/ba/ba15d2770f1dd57cdb08daf2d3f6a195.png,,Medya: Başlık yok,2026-09-25 21:29:20.566836,2026-09-25 22:33:57.723509,10,,,0,SEO Editor,,Görsel meta verisi eksik/uyumsuz (medya SEO denetimi),Medya Kütüphanesi → SEO sekmesinden alt/başlık/optimizasyon düzelt,"{""_key"": ""media:MISSING_TITLE"", ""detail"": """", ""score"": 44}"
po7iht5tjt,media,content,MEDIA_MISSING_TITLE,warning,open,http://tradehub.localhost:8000/files/20/20f1894e20242daead665f2e0d6b76ae.png,/files/20/20f1894e20242daead665f2e0d6b76ae.png,,Medya: Başlık yok,2026-09-25 21:29:20.566836,2026-09-25 22:33:57.723509,10,,,0,SEO Editor,,Görsel meta verisi eksik/uyumsuz (medya SEO denetimi),Medya Kütüphanesi → SEO sekmesinden alt/başlık/optimizasyon düzelt,"{""_key"": ""media:MISSING_TITLE"", ""detail"": """", ""score"": 42}"
po7jqhnd9s,media,content,MEDIA_MISSING_CAPTION,warning,open,http://tradehub.localhost:8000/files/20/20f1894e20242daead665f2e0d6b76ae.png,/files/20/20f1894e20242daead665f2e0d6b76ae.png,,Medya: Altyazı yok,2026-09-25 21:29:20.566836,2026-09-25 22:33:57.723509,10,,,0,SEO Editor,,Görsel meta verisi eksik/uyumsuz (medya SEO denetimi),Medya Kütüphanesi → SEO sekmesinden alt/başlık/optimizasyon düzelt,"{""_key"": ""media:MISSING_CAPTION"", ""detail"": """", ""score"": 42}"
po7lj1senq,media,content,MEDIA_DUPLICATE_ASSET,warning,open,http://tradehub.localhost:8000/files/rr-plan-012769c7.jpg,/files/rr-plan-012769c7.jpg,,Medya: Aynı delivery URL birden fazla File kaydında,2026-09-25 21:29:20.566836,2026-09-25 22:33:57.723509,10,,,0,SEO Editor,,Görsel meta verisi eksik/uyumsuz (medya SEO denetimi),Medya Kütüphanesi → SEO sekmesinden alt/başlık/optimizasyon düzelt,"{""_key"": ""media:DUPLICATE_ASSET"", ""detail"": ""2"", ""score"": 42}"
po7moam22j,media,content,MEDIA_DUPLICATE_ASSET,warning,open,http://tradehub.localhost:8000/files/62/62bdc12c7014a7a4e64daea06ab5ccb7.png,/files/62/62bdc12c7014a7a4e64daea06ab5ccb7.png,,Medya: Aynı delivery URL birden fazla File kaydında,2026-09-25 21:29:20.566836,2026-09-25 22:33:57.723509,10,,,0,SEO Editor,,Görsel meta verisi eksik/uyumsuz (medya SEO denetimi),Medya Kütüphanesi → SEO sekmesinden alt/başlık/optimizasyon düzelt,"{""_key"": ""media:DUPLICATE_ASSET"", ""detail"": ""4"", ""score"": 42}"
po7n3dnv17,media,content,MEDIA_MISSING_ASSOCIATION,warning,open,http://tradehub.localhost:8000/files/rr-plan-012769c7.jpg,/files/rr-plan-012769c7.jpg,,Medya: Asset bir ürün veya kategori bağlamına bağlı değil,2026-09-25 21:29:20.566836,2026-09-25 22:33:57.723509,10,,,0,SEO Editor,,Görsel meta verisi eksik/uyumsuz (medya SEO denetimi),Medya Kütüphanesi → SEO sekmesinden alt/başlık/optimizasyon düzelt,"{""_key"": ""media:MISSING_ASSOCIATION"", ""detail"": """", ""score"": 42}"
po7npoc3lj,media,content,MEDIA_MISSING_STRUCTURED_DATA,warning,open,http://tradehub.localhost:8000/files/rr-plan-012769c7.jpg,/files/rr-plan-012769c7.jpg,,Medya: Anlamlı ImageObject üretmek için metadata yok,2026-09-25 21:29:20.566836,2026-09-25 22:33:57.723509,10,,,0,SEO Editor,,Görsel meta verisi eksik/uyumsuz (medya SEO denetimi),Medya Kütüphanesi → SEO sekmesinden alt/başlık/optimizasyon düzelt,"{""_key"": ""media:MISSING_STRUCTURED_DATA"", ""detail"": """", ""score"": 42}"
po7qm3dss6,media,content,MEDIA_MISSING_ASSOCIATION,warning,open,http://tradehub.localhost:8000/files/62/62bdc12c7014a7a4e64daea06ab5ccb7.png,/files/62/62bdc12c7014a7a4e64daea06ab5ccb7.png,,Medya: Asset bir ürün veya kategori bağlamına bağlı değil,2026-09-25 21:29:20.566836,2026-09-25 22:33:57.723509,10,,,0,SEO Editor,,Görsel meta verisi eksik/uyumsuz (medya SEO denetimi),Medya Kütüphanesi → SEO sekmesinden alt/başlık/optimizasyon düzelt,"{""_key"": ""media:MISSING_ASSOCIATION"", ""detail"": """", ""score"": 42}"
po7vflqbi6,media,content,MEDIA_DUPLICATE_ASSET,warning,open,http://tradehub.localhost:8000/files/ba/ba15d2770f1dd57cdb08daf2d3f6a195.png,/files/ba/ba15d2770f1dd57cdb08daf2d3f6a195.png,,Medya: Aynı delivery URL birden fazla File kaydında,2026-09-25 21:29:20.566836,2026-09-25 22:33:57.723509,10,,,0,SEO Editor,,Görsel meta verisi eksik/uyumsuz (medya SEO denetimi),Medya Kütüphanesi → SEO sekmesinden alt/başlık/optimizasyon düzelt,"{""_key"": ""media:DUPLICATE_ASSET"", ""detail"": ""5"", ""score"": 44}"
po4f3sg8ka,notfound_log,technical,NOTFOUND_LOG_HIT,warning,open,http://tradehub.localhost:8000/kampanya/2025,/kampanya/2025,,404 günlüğü: 4 istek,2026-09-25 21:29:20.483137,2026-09-25 22:33:57.646454,18,,,0,SEO Manager,,Silinmiş/taşınmış route hâlâ isteniyor (site içi bağlantı ya da dış kaynak),"Hedef biliniyorsa 301 tanımla (SEO 404 Kayıtları → yönlendirme), yoksa sitemap/bağlantıyı düşür","{""_key"": ""404log"", ""hits"": 4, ""first_seen_at"": """", ""last_hit_at"": ""2026-09-25 21:28:35.432117"", ""last_referer"": ""https://www.google.com/"", ""log"": ""pa26uvusd4""}"
v5u4au0fba,crawler,content,THIN_CONTENT,warning,open,http://tradehub.localhost:8000/contact,/contact,,İnce içerik (18 kelime),2026-09-25 22:33:13.482594,2026-09-25 22:33:13.482594,1,v1tgnpu4v1,,0,SEO Editor,,Sayfada yeterli metin yok,En az 120 kelime betimleyici içerik,"{""_key"": ""thin"", ""word_count"": 18}"
v5ujnr3t2o,crawler,technical,CANONICAL_MISSING,warning,open,http://tradehub.localhost:8000/contact,/contact,,Canonical etiketi yok,2026-09-25 22:33:13.482594,2026-09-25 22:33:13.482594,1,v1tgnpu4v1,,0,SEO Manager,,Head üreticisi bu sayfayı kapsamıyor,Tek head üreticisine bağla (4.3),"{""_key"": ""canonical""}"
v5um827gts,crawler,content,DESC_MISSING,warning,open,http://tradehub.localhost:8000/contact,/contact,,Meta açıklama yok,2026-09-25 22:33:13.482594,2026-09-25 22:33:13.482594,1,v1tgnpu4v1,,0,SEO Editor,,Açıklama boş,120–155 karakter açıklama yaz,"{""_key"": ""desc""}"
v5v2ie122b,crawler,content,THIN_CONTENT,warning,open,http://tradehub.localhost:8000/about,/about,,İnce içerik (74 kelime),2026-09-25 22:33:13.482594,2026-09-25 22:33:13.482594,1,v1tgnpu4v1,,0,SEO Editor,,Sayfada yeterli metin yok,En az 120 kelime betimleyici içerik,"{""_key"": ""thin"", ""word_count"": 74}"
v5vdpjm09t,crawler,technical,CANONICAL_MISSING,warning,open,http://tradehub.localhost:8000/about,/about,,Canonical etiketi yok,2026-09-25 22:33:13.482594,2026-09-25 22:33:13.482594,1,v1tgnpu4v1,,0,SEO Manager,,Head üreticisi bu sayfayı kapsamıyor,Tek head üreticisine bağla (4.3),"{""_key"": ""canonical""}"
v5vek1q3ce,crawler,content,DESC_MISSING,warning,open,http://tradehub.localhost:8000/about,/about,,Meta açıklama yok,2026-09-25 22:33:13.482594,2026-09-25 22:33:13.482594,1,v1tgnpu4v1,,0,SEO Editor,,Açıklama boş,120–155 karakter açıklama yaz,"{""_key"": ""desc""}"
v07if6s7ju,crawler,content,H1_MISSING,warning,open,http://tradehub.localhost:8000/mk-f4d8e-0,/mk-f4d8e-0,,H1 yok,2026-09-25 22:32:55.134581,2026-09-25 22:32:55.134581,1,uv0r2gdfb7,,0,SEO Editor,,Şablon H1 basmıyor,Tek H1 ekle,"{""_key"": ""h1""}"
v07lbbt262,crawler,international,LANG_MISMATCH,warning,open,http://tradehub.localhost:8000/mk-f4d8e-0,/mk-f4d8e-0,, ≠ sayfa dili 'tr',2026-09-25 22:32:55.134581,2026-09-25 22:32:55.134581,1,uv0r2gdfb7,,0,SEO Manager,,Şablon dil özniteliği sabit,html lang'ı sayfa dilinden üret,"{""_key"": ""lang"", ""html_lang"": ""en""}"
v07r4bqudk,crawler,content,THIN_CONTENT,warning,open,http://tradehub.localhost:8000/mk-f4d8e-0,/mk-f4d8e-0,,İnce içerik (5 kelime),2026-09-25 22:32:55.134581,2026-09-25 22:32:55.134581,1,uv0r2gdfb7,,0,SEO Editor,,Sayfada yeterli metin yok,En az 120 kelime betimleyici içerik,"{""_key"": ""thin"", ""word_count"": 5}"
umg5dl9f7v,crawler,content,IMG_ALT_MISSING,warning,open,http://127.0.0.1:8765/e4-img-x1,/e4-img-x1,,1 görselde alt yok,2026-09-25 22:32:24.001010,2026-09-25 22:32:24.001010,1,ulceunvg9g,,0,SEO Editor,,Medya SEO alt üretimi bu sayfaya bağlı değil,Medya alt zincirini (620) bağla,"{""_key"": ""alt"", ""count"": 1}"
umg5u8bf24,crawler,content,TITLE_DUPLICATE,warning,open,http://127.0.0.1:8765/e4-dup2-x1,/e4-dup2-x1,,Aynı başlık 1 başka sayfada,2026-09-25 22:32:24.001010,2026-09-25 22:32:24.001010,1,ulceunvg9g,,0,SEO Editor,,Şablon başlığı sayfaya özgü değil,Başlığı sayfaya özgü yap,"{""_key"": ""dup_title"", ""others"": [""http://127.0.0.1:8765/e4-dup1-x1""]}"
umg8hujld9,crawler,content,DESC_MISSING,warning,open,http://127.0.0.1:8765/e4-notitle-x1,/e4-notitle-x1,,Meta açıklama yok,2026-09-25 22:32:24.001010,2026-09-25 22:32:24.001010,1,ulceunvg9g,,0,SEO Editor,,Açıklama boş,120–155 karakter açıklama yaz,"{""_key"": ""desc""}"
umgd3p71r4,crawler,technical,SLOW_RESPONSE,warning,open,http://127.0.0.1:8765/e4-slow-x1,/e4-slow-x1,,Yavaş yanıt 2801 ms,2026-09-25 22:32:24.001010,2026-09-25 22:32:24.001010,1,ulceunvg9g,,0,SEO Manager,,Sunucu/DB gecikmesi ya da ağır sayfa,Cache ve sorgu sayısını ölç (rapor 666),"{""_key"": ""slow"", ""response_ms"": 2801}"
umgi201b18,crawler,technical,CANONICAL_MISSING,warning,open,http://127.0.0.1:8765/e4-nocanon-x1,/e4-nocanon-x1,,Canonical etiketi yok,2026-09-25 22:32:24.001010,2026-09-25 22:32:24.001010,1,ulceunvg9g,,0,SEO Manager,,Head üreticisi bu sayfayı kapsamıyor,Tek head üreticisine bağla (4.3),"{""_key"": ""canonical""}"
umgib1of0l,crawler,content,TITLE_DUPLICATE,warning,open,http://127.0.0.1:8765/e4-dup1-x1,/e4-dup1-x1,,Aynı başlık 1 başka sayfada,2026-09-25 22:32:24.001010,2026-09-25 22:32:24.001010,1,ulceunvg9g,,0,SEO Editor,,Şablon başlığı sayfaya özgü değil,Başlığı sayfaya özgü yap,"{""_key"": ""dup_title"", ""others"": [""http://127.0.0.1:8765/e4-dup2-x1""]}"
umgnb0mm5r,crawler,technical,NEEDS_JS_RENDER,warning,open,http://127.0.0.1:8765/e4-spa-x1,/e4-spa-x1,,"HTML kabuğu boş; içerik JavaScript ile geliyor, render yapılamadı",2026-09-25 22:32:24.001010,2026-09-25 22:32:24.001010,1,ulceunvg9g,,0,SEO Manager,,SPA sayfası; JS render komutu tanımlı değil ya da başarısız,Sunucu tarafı render/prerender ekle ya da Settings'te JS render komutunu tanımla,"{""_key"": ""js"", ""word_count"": 0}"
umgslraklg,crawler,content,THIN_CONTENT,warning,open,http://127.0.0.1:8765/e4-thin-x1,/e4-thin-x1,,İnce içerik (22 kelime),2026-09-25 22:32:24.001010,2026-09-25 22:32:24.001010,1,ulceunvg9g,,0,SEO Editor,,Sayfada yeterli metin yok,En az 120 kelime betimleyici içerik,"{""_key"": ""thin"", ""word_count"": 22}"
umgttge859,crawler,technical,REDIRECT_CHAIN,warning,open,http://127.0.0.1:8765/e4-chain-x1,/e4-chain-x1,,2 adımlı yönlendirme zinciri,2026-09-25 22:32:24.001010,2026-09-25 22:32:24.001010,1,ulceunvg9g,,0,SEO Manager,,Eski yönlendirmeler üst üste binmiş,İlk adımı son hedefe bağla,"{""_key"": ""chain"", ""chain"": [{""url"": ""http://127.0.0.1:8765/e4-chain-x1"", ""status"": 301}, {""url"": ""http://127.0.0.1:8765/e4-chain2-x1"", ""status"": 301}]}"
6723kbha1l,crawler,technical,SLOW_RESPONSE,warning,open,http://tradehub.localhost:8000/about,/about,,Yavaş yanıt 6299 ms,2026-09-25 21:50:37.008770,2026-09-25 21:50:37.008770,1,5okdagmdv3,,0,SEO Manager,,Sunucu/DB gecikmesi ya da ağır sayfa,Cache ve sorgu sayısını ölç (rapor 666),"{""_key"": ""slow"", ""response_ms"": 6299}"
6724ohk7hf,crawler,technical,SLOW_RESPONSE,warning,open,http://tradehub.localhost:8000/contact,/contact,,Yavaş yanıt 6797 ms,2026-09-25 21:50:37.008770,2026-09-25 21:50:37.008770,1,5okdagmdv3,,0,SEO Manager,,Sunucu/DB gecikmesi ya da ağır sayfa,Cache ve sorgu sayısını ölç (rapor 666),"{""_key"": ""slow"", ""response_ms"": 6797}"
v07jnnr2hc,crawler,content,TITLE_LONG,info,open,http://tradehub.localhost:8000/mk-f4d8e-0,/mk-f4d8e-0,,Başlık uzun (71),2026-09-25 22:32:55.134581,2026-09-25 22:32:55.134581,1,uv0r2gdfb7,,0,SEO Editor,,SERP'te kesilir,60 karakter altına indir,"{""_key"": ""title"", ""len"": 71}"
